﻿<?xml version="1.0" encoding="utf-8"?>
<abapGit version="v1.0.0" serializer="LCL_OBJECT_AVAS" serializer_version="v1.0.0">
 <asx:abap xmlns:asx="http://www.sap.com/abapxml" version="1.0">
  <asx:values>
   <AVAS>
    <HEADER>
     <GUID>BD258535B9BE1EEFB691F588495EA024</GUID>
     <ATTRIBUTE>TABLE_LOGGING_REQUIREMENT</ATTRIBUTE>
     <OBJECT>
      <TROBJTYPE>TABL</TROBJTYPE>
      <SOBJ_NAME>ZSDSCAC009</SOBJ_NAME>
     </OBJECT>
    </HEADER>
    <VALUES>
     <CLS_VALUE_ASSIGNMENT>
      <VALUE>REQUIRED</VALUE>
      <ICON>@B4@</ICON>
     </CLS_VALUE_ASSIGNMENT>
    </VALUES>
   </AVAS>
  </asx:values>
 </asx:abap>
</abapGit>
