﻿<?xml version="1.0" encoding="utf-8"?>
<abapGit version="v1.0.0" serializer="LCL_OBJECT_ENQU" serializer_version="v1.0.0">
 <asx:abap xmlns:asx="http://www.sap.com/abapxml" version="1.0">
  <asx:values>
   <DD25V>
    <VIEWNAME>EZSDSCAC005</VIEWNAME>
    <DDLANGUAGE>E</DDLANGUAGE>
    <AGGTYPE>E</AGGTYPE>
    <ROOTTAB>ZSDSCAC005</ROOTTAB>
    <DDTEXT>Lock Object for Interface Processing</DDTEXT>
   </DD25V>
   <DD26E_TABLE>
    <DD26E>
     <VIEWNAME>EZSDSCAC005</VIEWNAME>
     <TABNAME>ZSDSCAC005</TABNAME>
     <TABPOS>0001</TABPOS>
     <FORTABNAME>ZSDSCAC005</FORTABNAME>
     <ENQMODE>E</ENQMODE>
    </DD26E>
   </DD26E_TABLE>
   <DD27P_TABLE>
    <DD27P>
     <VIEWNAME>EZSDSCAC005</VIEWNAME>
     <OBJPOS>0001</OBJPOS>
     <VIEWFIELD>MANDT</VIEWFIELD>
     <TABNAME>ZSDSCAC005</TABNAME>
     <FIELDNAME>MANDT</FIELDNAME>
     <KEYFLAG>X</KEYFLAG>
     <ENQMODE>E</ENQMODE>
    </DD27P>
    <DD27P>
     <VIEWNAME>EZSDSCAC005</VIEWNAME>
     <OBJPOS>0002</OBJPOS>
     <VIEWFIELD>INTFNO</VIEWFIELD>
     <TABNAME>ZSDSCAC005</TABNAME>
     <FIELDNAME>INTFNO</FIELDNAME>
     <KEYFLAG>X</KEYFLAG>
     <ENQMODE>E</ENQMODE>
     <SHLPORIGIN>D</SHLPORIGIN>
     <SHLPNAME>ZSDSH_INTFNO</SHLPNAME>
     <SHLPFIELD>INTFNO</SHLPFIELD>
    </DD27P>
   </DD27P_TABLE>
  </asx:values>
 </asx:abap>
</abapGit>
