﻿<?xml version="1.0" encoding="utf-8"?>
<abapGit version="v1.0.0" serializer="LCL_OBJECT_SICF" serializer_version="v1.0.0">
 <asx:abap xmlns:asx="http://www.sap.com/abapxml" version="1.0">
  <asx:values>
   <URL>/dsp/rsp/</URL>
   <ICFSERVICE>
    <ICF_NAME>RSP</ICF_NAME>
    <HTTPCDE500>2</HTTPCDE500>
    <HTTPCDE401>2</HTTPCDE401>
    <HTTPCDELPAG>2</HTTPCDELPAG>
    <HTTPCDENFPAG>2</HTTPCDENFPAG>
    <ORIG_NAME>rsp</ORIG_NAME>
   </ICFSERVICE>
   <ICFDOCU>
    <ICF_NAME>RSP</ICF_NAME>
    <ICF_LANGU>E</ICF_LANGU>
    <ICF_DOCU>DRCC-RSP Services</ICF_DOCU>
   </ICFDOCU>
  </asx:values>
 </asx:abap>
</abapGit>
