﻿<?xml version="1.0" encoding="utf-8"?>
<abapGit version="v1.0.0" serializer="LCL_OBJECT_SICF" serializer_version="v1.0.0">
 <asx:abap xmlns:asx="http://www.sap.com/abapxml" version="1.0">
  <asx:values>
   <URL>/dsp/rsp/upddostat/</URL>
   <ICFSERVICE>
    <ICF_NAME>UPDDOSTAT</ICF_NAME>
    <HTTPCDE500>2</HTTPCDE500>
    <HTTPCDE401>2</HTTPCDE401>
    <HTTPCDELPAG>2</HTTPCDELPAG>
    <HTTPCDENFPAG>2</HTTPCDENFPAG>
    <ORIG_NAME>upddostat</ORIG_NAME>
   </ICFSERVICE>
   <ICFDOCU>
    <ICF_NAME>UPDDOSTAT</ICF_NAME>
    <ICF_LANGU>E</ICF_LANGU>
    <ICF_DOCU>Update DO Status</ICF_DOCU>
   </ICFDOCU>
   <ICFHANDLER_TABLE>
    <ICFHANDLER>
     <ICF_NAME>UPDDOSTAT</ICF_NAME>
     <ICFORDER>01</ICFORDER>
     <ICFTYP>A</ICFTYP>
     <ICFHANDLER>ZCL_DSPSD_UPD_DO_STAT</ICFHANDLER>
    </ICFHANDLER>
   </ICFHANDLER_TABLE>
  </asx:values>
 </asx:abap>
</abapGit>
