﻿<?xml version="1.0" encoding="utf-8"?>
<abapGit version="v1.0.0" serializer="LCL_OBJECT_NROB" serializer_version="v1.0.0">
 <asx:abap xmlns:asx="http://www.sap.com/abapxml" version="1.0">
  <asx:values>
   <ATTRIBUTES>
    <OBJECT>ZCA002</OBJECT>
    <YEARIND>X</YEARIND>
    <DOMLEN>CHAR20</DOMLEN>
    <PERCENTAGE>5.0</PERCENTAGE>
    <BUFFER>X</BUFFER>
    <NOIVBUFFER>00000010</NOIVBUFFER>
   </ATTRIBUTES>
   <TEXT>
    <LANGU>E</LANGU>
    <OBJECT>ZCA002</OBJECT>
    <TXT>REST Request Number</TXT>
    <TXTSHORT>REST Request Number</TXTSHORT>
   </TEXT>
  </asx:values>
 </asx:abap>
</abapGit>
