﻿<?xml version="1.0" encoding="utf-8"?>
<abapGit version="v1.0.0" serializer="LCL_OBJECT_CLAS" serializer_version="v1.0.0">
 <asx:abap xmlns:asx="http://www.sap.com/abapxml" version="1.0">
  <asx:values>
   <VSEOCLASS>
    <CLSNAME>ZCL_SDSCA_FILE_INTERFACE</CLSNAME>
    <LANGU>E</LANGU>
    <DESCRIPT>SDS File Interface Utility class</DESCRIPT>
    <STATE>1</STATE>
    <CLSCCINCL>X</CLSCCINCL>
    <FIXPT>X</FIXPT>
    <UNICODE>X</UNICODE>
   </VSEOCLASS>
   <DESCRIPTIONS>
    <SEOCOMPOTX>
     <CMPNAME>CREATE_INTERFACE_FILE</CMPNAME>
     <LANGU>E</LANGU>
     <DESCRIPT>Create Interface File</DESCRIPT>
    </SEOCOMPOTX>
    <SEOCOMPOTX>
     <CMPNAME>GET_FILE_PATH</CMPNAME>
     <LANGU>E</LANGU>
     <DESCRIPT>Get Interface File Path</DESCRIPT>
    </SEOCOMPOTX>
    <SEOCOMPOTX>
     <CMPNAME>SPLIT_PATH_AND_NAME</CMPNAME>
     <LANGU>E</LANGU>
     <DESCRIPT>Split File Path and Filename</DESCRIPT>
    </SEOCOMPOTX>
    <SEOCOMPOTX>
     <CMPNAME>TT_DATABIN</CMPNAME>
     <LANGU>E</LANGU>
     <DESCRIPT>Table of Binary</DESCRIPT>
    </SEOCOMPOTX>
    <SEOCOMPOTX>
     <CMPNAME>TT_DATATXT</CMPNAME>
     <LANGU>E</LANGU>
     <DESCRIPT>Table of String</DESCRIPT>
    </SEOCOMPOTX>
   </DESCRIPTIONS>
   <DESCRIPTIONS_SUB>
    <SEOSUBCOTX>
     <CMPNAME>CREATE_INTERFACE_FILE</CMPNAME>
     <SCONAME>EF_FILENAME</SCONAME>
     <LANGU>E</LANGU>
     <DESCRIPT>Filename</DESCRIPT>
    </SEOSUBCOTX>
    <SEOSUBCOTX>
     <CMPNAME>CREATE_INTERFACE_FILE</CMPNAME>
     <SCONAME>EF_FILEPATH</SCONAME>
     <LANGU>E</LANGU>
     <DESCRIPT>File Path</DESCRIPT>
    </SEOSUBCOTX>
    <SEOSUBCOTX>
     <CMPNAME>CREATE_INTERFACE_FILE</CMPNAME>
     <SCONAME>EF_FULLNAME</SCONAME>
     <LANGU>E</LANGU>
     <DESCRIPT>File Path + Filename</DESCRIPT>
    </SEOSUBCOTX>
    <SEOSUBCOTX>
     <CMPNAME>CREATE_INTERFACE_FILE</CMPNAME>
     <SCONAME>ES_RETURN</SCONAME>
     <LANGU>E</LANGU>
     <DESCRIPT>Return Parameter</DESCRIPT>
    </SEOSUBCOTX>
    <SEOSUBCOTX>
     <CMPNAME>CREATE_INTERFACE_FILE</CMPNAME>
     <SCONAME>IF_FILENAME</SCONAME>
     <LANGU>E</LANGU>
     <DESCRIPT>Filename</DESCRIPT>
    </SEOSUBCOTX>
    <SEOSUBCOTX>
     <CMPNAME>CREATE_INTERFACE_FILE</CMPNAME>
     <SCONAME>IF_INTFNO</SCONAME>
     <LANGU>E</LANGU>
     <DESCRIPT>Interface ID</DESCRIPT>
    </SEOSUBCOTX>
    <SEOSUBCOTX>
     <CMPNAME>CREATE_INTERFACE_FILE</CMPNAME>
     <SCONAME>IF_PARAM1</SCONAME>
     <LANGU>E</LANGU>
     <DESCRIPT>Parameter 1</DESCRIPT>
    </SEOSUBCOTX>
    <SEOSUBCOTX>
     <CMPNAME>CREATE_INTERFACE_FILE</CMPNAME>
     <SCONAME>IF_PARAM2</SCONAME>
     <LANGU>E</LANGU>
     <DESCRIPT>Parameter 2</DESCRIPT>
    </SEOSUBCOTX>
    <SEOSUBCOTX>
     <CMPNAME>CREATE_INTERFACE_FILE</CMPNAME>
     <SCONAME>IF_PARAM3</SCONAME>
     <LANGU>E</LANGU>
     <DESCRIPT>Parameter 3</DESCRIPT>
    </SEOSUBCOTX>
    <SEOSUBCOTX>
     <CMPNAME>CREATE_INTERFACE_FILE</CMPNAME>
     <SCONAME>IT_DATABIN</SCONAME>
     <LANGU>E</LANGU>
     <DESCRIPT>Table of Binary</DESCRIPT>
    </SEOSUBCOTX>
    <SEOSUBCOTX>
     <CMPNAME>CREATE_INTERFACE_FILE</CMPNAME>
     <SCONAME>IT_DATATXT</SCONAME>
     <LANGU>E</LANGU>
     <DESCRIPT>Table of String</DESCRIPT>
    </SEOSUBCOTX>
    <SEOSUBCOTX>
     <CMPNAME>GET_FILE_PATH</CMPNAME>
     <SCONAME>EF_FILENAME</SCONAME>
     <LANGU>E</LANGU>
     <DESCRIPT>Filename</DESCRIPT>
    </SEOSUBCOTX>
    <SEOSUBCOTX>
     <CMPNAME>GET_FILE_PATH</CMPNAME>
     <SCONAME>EF_FILEPATH</SCONAME>
     <LANGU>E</LANGU>
     <DESCRIPT>File Path</DESCRIPT>
    </SEOSUBCOTX>
    <SEOSUBCOTX>
     <CMPNAME>GET_FILE_PATH</CMPNAME>
     <SCONAME>EF_FULLNAME</SCONAME>
     <LANGU>E</LANGU>
     <DESCRIPT>File Path + Filename</DESCRIPT>
    </SEOSUBCOTX>
    <SEOSUBCOTX>
     <CMPNAME>GET_FILE_PATH</CMPNAME>
     <SCONAME>ES_RETURN</SCONAME>
     <LANGU>E</LANGU>
     <DESCRIPT>Return Parameter</DESCRIPT>
    </SEOSUBCOTX>
    <SEOSUBCOTX>
     <CMPNAME>GET_FILE_PATH</CMPNAME>
     <SCONAME>IF_FILENAME</SCONAME>
     <LANGU>E</LANGU>
     <DESCRIPT>Filename</DESCRIPT>
    </SEOSUBCOTX>
    <SEOSUBCOTX>
     <CMPNAME>GET_FILE_PATH</CMPNAME>
     <SCONAME>IF_INTFNO</SCONAME>
     <LANGU>E</LANGU>
     <DESCRIPT>Interface ID</DESCRIPT>
    </SEOSUBCOTX>
    <SEOSUBCOTX>
     <CMPNAME>GET_FILE_PATH</CMPNAME>
     <SCONAME>IF_PARAM1</SCONAME>
     <LANGU>E</LANGU>
     <DESCRIPT>Parameter 1</DESCRIPT>
    </SEOSUBCOTX>
    <SEOSUBCOTX>
     <CMPNAME>GET_FILE_PATH</CMPNAME>
     <SCONAME>IF_PARAM2</SCONAME>
     <LANGU>E</LANGU>
     <DESCRIPT>Parameter 2</DESCRIPT>
    </SEOSUBCOTX>
    <SEOSUBCOTX>
     <CMPNAME>GET_FILE_PATH</CMPNAME>
     <SCONAME>IF_PARAM3</SCONAME>
     <LANGU>E</LANGU>
     <DESCRIPT>Parameter 3</DESCRIPT>
    </SEOSUBCOTX>
    <SEOSUBCOTX>
     <CMPNAME>SPLIT_PATH_AND_NAME</CMPNAME>
     <SCONAME>EF_FILENAME</SCONAME>
     <LANGU>E</LANGU>
     <DESCRIPT>Filename</DESCRIPT>
    </SEOSUBCOTX>
    <SEOSUBCOTX>
     <CMPNAME>SPLIT_PATH_AND_NAME</CMPNAME>
     <SCONAME>EF_FILEPATH</SCONAME>
     <LANGU>E</LANGU>
     <DESCRIPT>File path</DESCRIPT>
    </SEOSUBCOTX>
    <SEOSUBCOTX>
     <CMPNAME>SPLIT_PATH_AND_NAME</CMPNAME>
     <SCONAME>IF_FULLNAME</SCONAME>
     <LANGU>E</LANGU>
     <DESCRIPT>Full name</DESCRIPT>
    </SEOSUBCOTX>
   </DESCRIPTIONS_SUB>
  </asx:values>
 </asx:abap>
</abapGit>
