﻿<?xml version="1.0" encoding="utf-8"?>
<abapGit version="v1.0.0" serializer="LCL_OBJECT_CLAS" serializer_version="v1.0.0">
 <asx:abap xmlns:asx="http://www.sap.com/abapxml" version="1.0">
  <asx:values>
   <VSEOCLASS>
    <CLSNAME>ZCL_SDSCA_UTIL_SDS</CLSNAME>
    <LANGU>E</LANGU>
    <DESCRIPT>Util</DESCRIPT>
    <STATE>1</STATE>
    <CLSCCINCL>X</CLSCCINCL>
    <FIXPT>X</FIXPT>
    <UNICODE>X</UNICODE>
   </VSEOCLASS>
   <TPOOL>
    <item>
     <ID>I</ID>
     <KEY>E01</KEY>
     <ENTRY>Cannot open dataset</ENTRY>
     <LENGTH>29</LENGTH>
    </item>
    <item>
     <ID>I</ID>
     <KEY>S01</KEY>
     <ENTRY>File has been send</ENTRY>
     <LENGTH>28</LENGTH>
    </item>
   </TPOOL>
   <DESCRIPTIONS>
    <SEOCOMPOTX>
     <CMPNAME>INITIAL_FLAG</CMPNAME>
     <LANGU>E</LANGU>
     <DESCRIPT>General Flag</DESCRIPT>
    </SEOCOMPOTX>
    <SEOCOMPOTX>
     <CMPNAME>IS_SDS</CMPNAME>
     <LANGU>E</LANGU>
     <DESCRIPT>General Flag</DESCRIPT>
    </SEOCOMPOTX>
    <SEOCOMPOTX>
     <CMPNAME>USER_PARAM</CMPNAME>
     <LANGU>E</LANGU>
     <DESCRIPT>Parameter value</DESCRIPT>
    </SEOCOMPOTX>
   </DESCRIPTIONS>
   <DESCRIPTIONS_SUB>
    <SEOSUBCOTX>
     <CMPNAME>CALL_AMOUNT_TAX</CMPNAME>
     <SCONAME>R_RETURN</SCONAME>
     <LANGU>E</LANGU>
     <DESCRIPT>Tax Amount in Local Currency</DESCRIPT>
    </SEOSUBCOTX>
    <SEOSUBCOTX>
     <CMPNAME>CHECK_SDS</CMPNAME>
     <SCONAME>LV_MANDT</SCONAME>
     <LANGU>E</LANGU>
     <DESCRIPT>ABAP System Field: Client ID of Current User</DESCRIPT>
    </SEOSUBCOTX>
    <SEOSUBCOTX>
     <CMPNAME>CHECK_SDS</CMPNAME>
     <SCONAME>LV_SDS</SCONAME>
     <LANGU>E</LANGU>
     <DESCRIPT>Flag for SDS</DESCRIPT>
    </SEOSUBCOTX>
    <SEOSUBCOTX>
     <CMPNAME>GET_ADDRESS</CMPNAME>
     <SCONAME>E_ADRC</SCONAME>
     <LANGU>E</LANGU>
     <DESCRIPT>Addresses (Business Address Services)</DESCRIPT>
    </SEOSUBCOTX>
    <SEOSUBCOTX>
     <CMPNAME>GET_ADDRESS</CMPNAME>
     <SCONAME>E_TAXID</SCONAME>
     <LANGU>E</LANGU>
     <DESCRIPT>Tax ID</DESCRIPT>
    </SEOSUBCOTX>
    <SEOSUBCOTX>
     <CMPNAME>GET_ADDRESS</CMPNAME>
     <SCONAME>I_ADDRESS_NO</SCONAME>
     <LANGU>E</LANGU>
     <DESCRIPT>Address Number</DESCRIPT>
    </SEOSUBCOTX>
    <SEOSUBCOTX>
     <CMPNAME>GET_ADDRESS</CMPNAME>
     <SCONAME>I_NATION</SCONAME>
     <LANGU>E</LANGU>
     <DESCRIPT>Version ID for International Addresses</DESCRIPT>
    </SEOSUBCOTX>
    <SEOSUBCOTX>
     <CMPNAME>GET_BRANCH</CMPNAME>
     <SCONAME>I_KUNNR</SCONAME>
     <LANGU>E</LANGU>
     <DESCRIPT>Customer Number</DESCRIPT>
    </SEOSUBCOTX>
    <SEOSUBCOTX>
     <CMPNAME>GET_BRANCH</CMPNAME>
     <SCONAME>I_LANGU</SCONAME>
     <LANGU>E</LANGU>
     <DESCRIPT>ABAP System Field: Language Key of Text Environment</DESCRIPT>
    </SEOSUBCOTX>
    <SEOSUBCOTX>
     <CMPNAME>GET_BRANCH</CMPNAME>
     <SCONAME>R_DATA</SCONAME>
     <LANGU>E</LANGU>
     <DESCRIPT>Branch Code Description</DESCRIPT>
    </SEOSUBCOTX>
    <SEOSUBCOTX>
     <CMPNAME>GET_CONFIG_001</CMPNAME>
     <SCONAME>I_PARAM</SCONAME>
     <LANGU>E</LANGU>
     <DESCRIPT>Parameter name</DESCRIPT>
    </SEOSUBCOTX>
    <SEOSUBCOTX>
     <CMPNAME>GET_CONFIG_001</CMPNAME>
     <SCONAME>I_PARAM_EXT</SCONAME>
     <LANGU>E</LANGU>
     <DESCRIPT>Parameter Extension</DESCRIPT>
    </SEOSUBCOTX>
    <SEOSUBCOTX>
     <CMPNAME>GET_CONFIG_001</CMPNAME>
     <SCONAME>I_REPID</SCONAME>
     <LANGU>E</LANGU>
     <DESCRIPT>ABAP Program Name</DESCRIPT>
    </SEOSUBCOTX>
    <SEOSUBCOTX>
     <CMPNAME>GET_CONFIG_001</CMPNAME>
     <SCONAME>I_SEQUENCE</SCONAME>
     <LANGU>E</LANGU>
     <DESCRIPT>Parameter Sequence Number</DESCRIPT>
    </SEOSUBCOTX>
    <SEOSUBCOTX>
     <CMPNAME>GET_CONFIG_001</CMPNAME>
     <SCONAME>I_SINGLE_VALUE_FLAG</SCONAME>
     <LANGU>E</LANGU>
     <DESCRIPT>No need range make &apos;X&apos;</DESCRIPT>
    </SEOSUBCOTX>
    <SEOSUBCOTX>
     <CMPNAME>GET_CUST_NAME</CMPNAME>
     <SCONAME>E_NAME1</SCONAME>
     <LANGU>E</LANGU>
     <DESCRIPT>Name 1</DESCRIPT>
    </SEOSUBCOTX>
    <SEOSUBCOTX>
     <CMPNAME>GET_CUST_NAME</CMPNAME>
     <SCONAME>E_NAME2</SCONAME>
     <LANGU>E</LANGU>
     <DESCRIPT>Name 2</DESCRIPT>
    </SEOSUBCOTX>
    <SEOSUBCOTX>
     <CMPNAME>GET_CUST_NAME</CMPNAME>
     <SCONAME>E_NAME3</SCONAME>
     <LANGU>E</LANGU>
     <DESCRIPT>Name 3</DESCRIPT>
    </SEOSUBCOTX>
    <SEOSUBCOTX>
     <CMPNAME>GET_CUST_NAME</CMPNAME>
     <SCONAME>E_NAME4</SCONAME>
     <LANGU>E</LANGU>
     <DESCRIPT>Name 4</DESCRIPT>
    </SEOSUBCOTX>
    <SEOSUBCOTX>
     <CMPNAME>GET_CUST_NAME</CMPNAME>
     <SCONAME>I_ADDRNUMBER</SCONAME>
     <LANGU>E</LANGU>
     <DESCRIPT>Address Number</DESCRIPT>
    </SEOSUBCOTX>
    <SEOSUBCOTX>
     <CMPNAME>GET_CUST_NAME</CMPNAME>
     <SCONAME>I_CUST_NO</SCONAME>
     <LANGU>E</LANGU>
     <DESCRIPT>Customer Number</DESCRIPT>
    </SEOSUBCOTX>
    <SEOSUBCOTX>
     <CMPNAME>GET_CUST_NAME</CMPNAME>
     <SCONAME>I_NATION</SCONAME>
     <LANGU>E</LANGU>
     <DESCRIPT>Version ID for International Addresses</DESCRIPT>
    </SEOSUBCOTX>
    <SEOSUBCOTX>
     <CMPNAME>GET_EMPCODE_FROM_COSTCENTER</CMPNAME>
     <SCONAME>I_COSCENTER</SCONAME>
     <LANGU>E</LANGU>
     <DESCRIPT>Cost Center</DESCRIPT>
    </SEOSUBCOTX>
    <SEOSUBCOTX>
     <CMPNAME>GET_EMPCODE_FROM_COSTCENTER</CMPNAME>
     <SCONAME>R_EMP</SCONAME>
     <LANGU>E</LANGU>
     <DESCRIPT>Personnel Number</DESCRIPT>
    </SEOSUBCOTX>
    <SEOSUBCOTX>
     <CMPNAME>GET_LOA_PO</CMPNAME>
     <SCONAME>I_DOC_NO</SCONAME>
     <LANGU>E</LANGU>
     <DESCRIPT>Char 20</DESCRIPT>
    </SEOSUBCOTX>
    <SEOSUBCOTX>
     <CMPNAME>GET_LOA_PO</CMPNAME>
     <SCONAME>I_RUNNING</SCONAME>
     <LANGU>E</LANGU>
     <DESCRIPT>General Flag</DESCRIPT>
    </SEOSUBCOTX>
    <SEOSUBCOTX>
     <CMPNAME>GET_LOA_PO</CMPNAME>
     <SCONAME>R</SCONAME>
     <LANGU>E</LANGU>
     <DESCRIPT>Approve Log</DESCRIPT>
    </SEOSUBCOTX>
    <SEOSUBCOTX>
     <CMPNAME>GET_LOA_PR</CMPNAME>
     <SCONAME>I_DOC_NO</SCONAME>
     <LANGU>E</LANGU>
     <DESCRIPT>Char 20</DESCRIPT>
    </SEOSUBCOTX>
    <SEOSUBCOTX>
     <CMPNAME>GET_LOA_PR</CMPNAME>
     <SCONAME>I_RUNNING</SCONAME>
     <LANGU>E</LANGU>
     <DESCRIPT>General Flag</DESCRIPT>
    </SEOSUBCOTX>
    <SEOSUBCOTX>
     <CMPNAME>GET_LOA_PR</CMPNAME>
     <SCONAME>R</SCONAME>
     <LANGU>E</LANGU>
     <DESCRIPT>Approve Log</DESCRIPT>
    </SEOSUBCOTX>
    <SEOSUBCOTX>
     <CMPNAME>GET_PAYMENT_DATE</CMPNAME>
     <SCONAME>I_DATE</SCONAME>
     <LANGU>E</LANGU>
     <DESCRIPT>ABAP system field: Current date of application server</DESCRIPT>
    </SEOSUBCOTX>
    <SEOSUBCOTX>
     <CMPNAME>GET_PAYMENT_DATE</CMPNAME>
     <SCONAME>I_TERM</SCONAME>
     <LANGU>E</LANGU>
     <DESCRIPT>Terms of Payment Key</DESCRIPT>
    </SEOSUBCOTX>
    <SEOSUBCOTX>
     <CMPNAME>GET_PAYMENT_DATE</CMPNAME>
     <SCONAME>R_DATE</SCONAME>
     <LANGU>E</LANGU>
     <DESCRIPT>ABAP system field: Current date of application server</DESCRIPT>
    </SEOSUBCOTX>
    <SEOSUBCOTX>
     <CMPNAME>GET_SALE_NAME</CMPNAME>
     <SCONAME>I_SALE_NO</SCONAME>
     <LANGU>E</LANGU>
     <DESCRIPT>Personnel Number</DESCRIPT>
    </SEOSUBCOTX>
    <SEOSUBCOTX>
     <CMPNAME>GET_SDS_ADDRESS</CMPNAME>
     <SCONAME>E_ADDRESS_TH</SCONAME>
     <LANGU>E</LANGU>
     <DESCRIPT>Char255</DESCRIPT>
    </SEOSUBCOTX>
    <SEOSUBCOTX>
     <CMPNAME>GET_TEXT</CMPNAME>
     <SCONAME>I_ID</SCONAME>
     <LANGU>E</LANGU>
     <DESCRIPT>Text ID</DESCRIPT>
    </SEOSUBCOTX>
    <SEOSUBCOTX>
     <CMPNAME>GET_TEXT</CMPNAME>
     <SCONAME>I_LANGUAGE</SCONAME>
     <LANGU>E</LANGU>
     <DESCRIPT>Language Key</DESCRIPT>
    </SEOSUBCOTX>
    <SEOSUBCOTX>
     <CMPNAME>GET_TEXT</CMPNAME>
     <SCONAME>I_NAME</SCONAME>
     <LANGU>E</LANGU>
     <DESCRIPT>Name</DESCRIPT>
    </SEOSUBCOTX>
    <SEOSUBCOTX>
     <CMPNAME>GET_TEXT</CMPNAME>
     <SCONAME>I_OBJECT</SCONAME>
     <LANGU>E</LANGU>
     <DESCRIPT>Texts: application object</DESCRIPT>
    </SEOSUBCOTX>
    <SEOSUBCOTX>
     <CMPNAME>GET_USER_PARAMETER</CMPNAME>
     <SCONAME>I_PARAM</SCONAME>
     <LANGU>E</LANGU>
     <DESCRIPT>Set/Get parameter ID</DESCRIPT>
    </SEOSUBCOTX>
    <SEOSUBCOTX>
     <CMPNAME>GET_USER_PARAMETER</CMPNAME>
     <SCONAME>R_VALUE</SCONAME>
     <LANGU>E</LANGU>
     <DESCRIPT>Parameter value</DESCRIPT>
    </SEOSUBCOTX>
    <SEOSUBCOTX>
     <CMPNAME>GET_VEND_NAME</CMPNAME>
     <SCONAME>E_NAME1</SCONAME>
     <LANGU>E</LANGU>
     <DESCRIPT>Name 1</DESCRIPT>
    </SEOSUBCOTX>
    <SEOSUBCOTX>
     <CMPNAME>GET_VEND_NAME</CMPNAME>
     <SCONAME>E_NAME2</SCONAME>
     <LANGU>E</LANGU>
     <DESCRIPT>Name 2</DESCRIPT>
    </SEOSUBCOTX>
    <SEOSUBCOTX>
     <CMPNAME>GET_VEND_NAME</CMPNAME>
     <SCONAME>E_NAME3</SCONAME>
     <LANGU>E</LANGU>
     <DESCRIPT>Name 3</DESCRIPT>
    </SEOSUBCOTX>
    <SEOSUBCOTX>
     <CMPNAME>GET_VEND_NAME</CMPNAME>
     <SCONAME>E_NAME4</SCONAME>
     <LANGU>E</LANGU>
     <DESCRIPT>Name 4</DESCRIPT>
    </SEOSUBCOTX>
    <SEOSUBCOTX>
     <CMPNAME>GET_VEND_NAME</CMPNAME>
     <SCONAME>I_NATION</SCONAME>
     <LANGU>E</LANGU>
     <DESCRIPT>Version ID for International Addresses</DESCRIPT>
    </SEOSUBCOTX>
    <SEOSUBCOTX>
     <CMPNAME>GET_VEND_NAME</CMPNAME>
     <SCONAME>I_VEND_NO</SCONAME>
     <LANGU>E</LANGU>
     <DESCRIPT>Customer Number</DESCRIPT>
    </SEOSUBCOTX>
    <SEOSUBCOTX>
     <CMPNAME>GET_WBS_DESC</CMPNAME>
     <SCONAME>I_WBS</SCONAME>
     <LANGU>E</LANGU>
     <DESCRIPT>WBS Element</DESCRIPT>
    </SEOSUBCOTX>
    <SEOSUBCOTX>
     <CMPNAME>GET_WBS_DESC</CMPNAME>
     <SCONAME>R_WBS_DESC</SCONAME>
     <LANGU>E</LANGU>
     <DESCRIPT>PS: Short description (1st text line)</DESCRIPT>
    </SEOSUBCOTX>
    <SEOSUBCOTX>
     <CMPNAME>GET_WBS_LV3_FROM_HIGHER_LV</CMPNAME>
     <SCONAME>I_DATA</SCONAME>
     <LANGU>E</LANGU>
     <DESCRIPT>Work Breakdown Structure Element (WBS Element)</DESCRIPT>
    </SEOSUBCOTX>
    <SEOSUBCOTX>
     <CMPNAME>GET_WBS_LV3_FROM_HIGHER_LV</CMPNAME>
     <SCONAME>R_RETURN</SCONAME>
     <LANGU>E</LANGU>
     <DESCRIPT>Work Breakdown Structure Element (WBS Element)</DESCRIPT>
    </SEOSUBCOTX>
    <SEOSUBCOTX>
     <CMPNAME>GET_WBS_LV_FOR_PROJECT</CMPNAME>
     <SCONAME>I_DATA</SCONAME>
     <LANGU>E</LANGU>
     <DESCRIPT>Work Breakdown Structure Element (WBS Element)</DESCRIPT>
    </SEOSUBCOTX>
    <SEOSUBCOTX>
     <CMPNAME>GET_WBS_LV_FOR_PROJECT</CMPNAME>
     <SCONAME>R_RETURN</SCONAME>
     <LANGU>E</LANGU>
     <DESCRIPT>Work Breakdown Structure Element (WBS Element)</DESCRIPT>
    </SEOSUBCOTX>
    <SEOSUBCOTX>
     <CMPNAME>SEND_FILE_SERVER</CMPNAME>
     <SCONAME>IT_DATA</SCONAME>
     <LANGU>E</LANGU>
     <DESCRIPT>Table of Strings</DESCRIPT>
    </SEOSUBCOTX>
    <SEOSUBCOTX>
     <CMPNAME>SEND_FILE_SERVER</CMPNAME>
     <SCONAME>R_RETURN</SCONAME>
     <LANGU>E</LANGU>
     <DESCRIPT>Single-Character Flag</DESCRIPT>
    </SEOSUBCOTX>
    <SEOSUBCOTX>
     <CMPNAME>SEND_FILE_TO_AL11</CMPNAME>
     <SCONAME>E_STATUS</SCONAME>
     <LANGU>E</LANGU>
     <DESCRIPT>Single-Character Flag</DESCRIPT>
    </SEOSUBCOTX>
    <SEOSUBCOTX>
     <CMPNAME>SEND_FILE_TO_AL11</CMPNAME>
     <SCONAME>I_BINARY</SCONAME>
     <LANGU>E</LANGU>
     <DESCRIPT>General Flag</DESCRIPT>
    </SEOSUBCOTX>
    <SEOSUBCOTX>
     <CMPNAME>SEND_MAIL</CMPNAME>
     <SCONAME>IT_ATTACH_FILE</SCONAME>
     <LANGU>E</LANGU>
     <DESCRIPT>Email Attach</DESCRIPT>
    </SEOSUBCOTX>
    <SEOSUBCOTX>
     <CMPNAME>SEND_MAIL</CMPNAME>
     <SCONAME>IT_CC</SCONAME>
     <LANGU>E</LANGU>
     <DESCRIPT>External address (SMTP/X.400...)</DESCRIPT>
    </SEOSUBCOTX>
    <SEOSUBCOTX>
     <CMPNAME>SEND_MAIL</CMPNAME>
     <SCONAME>IT_HTML_CON</SCONAME>
     <LANGU>E</LANGU>
     <DESCRIPT>Objcont and Objhead as Table Type</DESCRIPT>
    </SEOSUBCOTX>
    <SEOSUBCOTX>
     <CMPNAME>SEND_MAIL</CMPNAME>
     <SCONAME>IT_RECEIVER</SCONAME>
     <LANGU>E</LANGU>
     <DESCRIPT>External address (SMTP/X.400...)</DESCRIPT>
    </SEOSUBCOTX>
    <SEOSUBCOTX>
     <CMPNAME>SEND_MAIL</CMPNAME>
     <SCONAME>I_SENDER_EMAIL</SCONAME>
     <LANGU>E</LANGU>
     <DESCRIPT>External address (SMTP/X.400...)</DESCRIPT>
    </SEOSUBCOTX>
    <SEOSUBCOTX>
     <CMPNAME>SEND_MAIL</CMPNAME>
     <SCONAME>I_SUBJECT</SCONAME>
     <LANGU>E</LANGU>
     <DESCRIPT>Short description of contents</DESCRIPT>
    </SEOSUBCOTX>
    <SEOSUBCOTX>
     <CMPNAME>SEND_OTF_FILE_TO_AL11</CMPNAME>
     <SCONAME>E_MESSAGE</SCONAME>
     <LANGU>E</LANGU>
     <DESCRIPT>Message</DESCRIPT>
    </SEOSUBCOTX>
    <SEOSUBCOTX>
     <CMPNAME>SEND_OTF_FILE_TO_AL11</CMPNAME>
     <SCONAME>E_STATUS</SCONAME>
     <LANGU>E</LANGU>
     <DESCRIPT>Status</DESCRIPT>
    </SEOSUBCOTX>
    <SEOSUBCOTX>
     <CMPNAME>SEND_OTF_FILE_TO_AL11</CMPNAME>
     <SCONAME>IT_OTF</SCONAME>
     <LANGU>E</LANGU>
     <DESCRIPT>Smart Forms: Table OTF</DESCRIPT>
    </SEOSUBCOTX>
    <SEOSUBCOTX>
     <CMPNAME>SEND_OTF_FILE_TO_AL11</CMPNAME>
     <SCONAME>I_DATA_AL11</SCONAME>
     <LANGU>E</LANGU>
     <DESCRIPT>If you want to send it to AL11 make &apos;X&apos;</DESCRIPT>
    </SEOSUBCOTX>
    <SEOSUBCOTX>
     <CMPNAME>SEND_OTF_FILE_TO_AL11</CMPNAME>
     <SCONAME>I_PATH</SCONAME>
     <LANGU>E</LANGU>
     <DESCRIPT>Path + File_Name</DESCRIPT>
    </SEOSUBCOTX>
   </DESCRIPTIONS_SUB>
  </asx:values>
 </asx:abap>
</abapGit>
