﻿<?xml version="1.0" encoding="utf-8"?>
<abapGit version="v1.0.0" serializer="LCL_OBJECT_CLAS" serializer_version="v1.0.0">
 <asx:abap xmlns:asx="http://www.sap.com/abapxml" version="1.0">
  <asx:values>
   <VSEOCLASS>
    <CLSNAME>ZCL_SDSCA_REST_INTF_UTILITY</CLSNAME>
    <LANGU>E</LANGU>
    <DESCRIPT>SDS: REST Interface Utility Class</DESCRIPT>
    <STATE>1</STATE>
    <CLSCCINCL>X</CLSCCINCL>
    <FIXPT>X</FIXPT>
    <UNICODE>X</UNICODE>
   </VSEOCLASS>
   <TPOOL>
    <item>
     <ID>I</ID>
     <KEY>E01</KEY>
     <ENTRY>Error on request structure.</ENTRY>
     <LENGTH>50</LENGTH>
    </item>
    <item>
     <ID>I</ID>
     <KEY>E02</KEY>
     <ENTRY>Error during transform request data.</ENTRY>
     <LENGTH>50</LENGTH>
    </item>
    <item>
     <ID>I</ID>
     <KEY>E03</KEY>
     <ENTRY>Response cannot transform</ENTRY>
     <LENGTH>50</LENGTH>
    </item>
    <item>
     <ID>I</ID>
     <KEY>I01</KEY>
     <ENTRY>Result JSON</ENTRY>
     <LENGTH>50</LENGTH>
    </item>
    <item>
     <ID>I</ID>
     <KEY>I02</KEY>
     <ENTRY>Receive Error HTML</ENTRY>
     <LENGTH>50</LENGTH>
    </item>
    <item>
     <ID>I</ID>
     <KEY>I03</KEY>
     <ENTRY>Response JSON</ENTRY>
     <LENGTH>50</LENGTH>
    </item>
   </TPOOL>
   <DESCRIPTIONS>
    <SEOCOMPOTX>
     <CMPNAME>ADD_LOG_REST_INTF</CMPNAME>
     <LANGU>E</LANGU>
     <DESCRIPT>Add processing log for REST Interface</DESCRIPT>
    </SEOCOMPOTX>
    <SEOCOMPOTX>
     <CMPNAME>ASSIGN_KEYDATA</CMPNAME>
     <LANGU>E</LANGU>
     <DESCRIPT>Assign Key Data</DESCRIPT>
    </SEOCOMPOTX>
    <SEOCOMPOTX>
     <CMPNAME>ASSIGN_STATUS</CMPNAME>
     <LANGU>E</LANGU>
     <DESCRIPT>Assign Status Data</DESCRIPT>
    </SEOCOMPOTX>
    <SEOCOMPOTX>
     <CMPNAME>CALL_PROCESS_METHOD</CMPNAME>
     <LANGU>E</LANGU>
     <DESCRIPT>Call Processing Method</DESCRIPT>
    </SEOCOMPOTX>
    <SEOCOMPOTX>
     <CMPNAME>CALL_REST_INTF</CMPNAME>
     <LANGU>E</LANGU>
     <DESCRIPT>Call REST Interface</DESCRIPT>
    </SEOCOMPOTX>
    <SEOCOMPOTX>
     <CMPNAME>CONSUME_REST_API</CMPNAME>
     <LANGU>E</LANGU>
     <DESCRIPT>Consume REST API</DESCRIPT>
    </SEOCOMPOTX>
    <SEOCOMPOTX>
     <CMPNAME>CONVERT_DATA_TO_JSON</CMPNAME>
     <LANGU>E</LANGU>
     <DESCRIPT>Convert Data into JSON</DESCRIPT>
    </SEOCOMPOTX>
    <SEOCOMPOTX>
     <CMPNAME>CONVERT_DATE_TIME_TO_ISO</CMPNAME>
     <LANGU>E</LANGU>
     <DESCRIPT>Convert Date Time into ISO Format</DESCRIPT>
    </SEOCOMPOTX>
    <SEOCOMPOTX>
     <CMPNAME>CONVERT_ISO_TO_DATE_TIME</CMPNAME>
     <LANGU>E</LANGU>
     <DESCRIPT>Convert ISO Date format to Date Time</DESCRIPT>
    </SEOCOMPOTX>
    <SEOCOMPOTX>
     <CMPNAME>CONVERT_JSON_TO_DATA</CMPNAME>
     <LANGU>E</LANGU>
     <DESCRIPT>Convert JSON into DATA</DESCRIPT>
    </SEOCOMPOTX>
    <SEOCOMPOTX>
     <CMPNAME>GC_ERROR</CMPNAME>
     <LANGU>E</LANGU>
     <DESCRIPT>REST Response Status</DESCRIPT>
    </SEOCOMPOTX>
    <SEOCOMPOTX>
     <CMPNAME>GC_HTML</CMPNAME>
     <LANGU>E</LANGU>
     <DESCRIPT>HTML File type</DESCRIPT>
    </SEOCOMPOTX>
    <SEOCOMPOTX>
     <CMPNAME>GC_INBOUND</CMPNAME>
     <LANGU>E</LANGU>
     <DESCRIPT>Service Provider</DESCRIPT>
    </SEOCOMPOTX>
    <SEOCOMPOTX>
     <CMPNAME>GC_JSON</CMPNAME>
     <LANGU>E</LANGU>
     <DESCRIPT>JSON File type</DESCRIPT>
    </SEOCOMPOTX>
    <SEOCOMPOTX>
     <CMPNAME>GC_OUTBOUND</CMPNAME>
     <LANGU>E</LANGU>
     <DESCRIPT>Service Consumer</DESCRIPT>
    </SEOCOMPOTX>
    <SEOCOMPOTX>
     <CMPNAME>GC_REQUEST</CMPNAME>
     <LANGU>E</LANGU>
     <DESCRIPT>Request Type</DESCRIPT>
    </SEOCOMPOTX>
    <SEOCOMPOTX>
     <CMPNAME>GC_RESPONSE</CMPNAME>
     <LANGU>E</LANGU>
     <DESCRIPT>Response Type</DESCRIPT>
    </SEOCOMPOTX>
    <SEOCOMPOTX>
     <CMPNAME>GC_SUCCESS</CMPNAME>
     <LANGU>E</LANGU>
     <DESCRIPT>REST Response Status</DESCRIPT>
    </SEOCOMPOTX>
    <SEOCOMPOTX>
     <CMPNAME>GET_PROCESSING_INSTANCE</CMPNAME>
     <LANGU>E</LANGU>
     <DESCRIPT>Get Processing Instance</DESCRIPT>
    </SEOCOMPOTX>
    <SEOCOMPOTX>
     <CMPNAME>GET_TIMEZONE</CMPNAME>
     <LANGU>E</LANGU>
     <DESCRIPT>Get Timezone</DESCRIPT>
    </SEOCOMPOTX>
    <SEOCOMPOTX>
     <CMPNAME>GET_TIMEZONE_DETAIL</CMPNAME>
     <LANGU>E</LANGU>
     <DESCRIPT>Get Timezone Detail</DESCRIPT>
    </SEOCOMPOTX>
    <SEOCOMPOTX>
     <CMPNAME>GF_POPUP</CMPNAME>
     <LANGU>E</LANGU>
     <DESCRIPT>Display Popup Flag</DESCRIPT>
    </SEOCOMPOTX>
    <SEOCOMPOTX>
     <CMPNAME>GREF_PROCESS</CMPNAME>
     <LANGU>E</LANGU>
     <DESCRIPT>Processing Instance</DESCRIPT>
    </SEOCOMPOTX>
    <SEOCOMPOTX>
     <CMPNAME>READ_CONFIGURATION</CMPNAME>
     <LANGU>E</LANGU>
     <DESCRIPT>Read Interface Configuration</DESCRIPT>
    </SEOCOMPOTX>
    <SEOCOMPOTX>
     <CMPNAME>READ_FIELD_VALUE</CMPNAME>
     <LANGU>E</LANGU>
     <DESCRIPT>Read Field Value from Data</DESCRIPT>
    </SEOCOMPOTX>
    <SEOCOMPOTX>
     <CMPNAME>SAVE_PROCESSING_LOG</CMPNAME>
     <LANGU>E</LANGU>
     <DESCRIPT>Save Processing Log</DESCRIPT>
    </SEOCOMPOTX>
    <SEOCOMPOTX>
     <CMPNAME>SHOW_POPUP</CMPNAME>
     <LANGU>E</LANGU>
     <DESCRIPT>Show Popup</DESCRIPT>
    </SEOCOMPOTX>
    <SEOCOMPOTX>
     <CMPNAME>TRANSFORM_DATA_TO_JSON</CMPNAME>
     <LANGU>E</LANGU>
     <DESCRIPT>Transform Data into JSON</DESCRIPT>
    </SEOCOMPOTX>
    <SEOCOMPOTX>
     <CMPNAME>TRANSFORM_JSON_TO_DATA</CMPNAME>
     <LANGU>E</LANGU>
     <DESCRIPT>Transform JSON into Data</DESCRIPT>
    </SEOCOMPOTX>
   </DESCRIPTIONS>
   <DESCRIPTIONS_SUB>
    <SEOSUBCOTX>
     <CMPNAME>ADD_LOG_REST_INTF</CMPNAME>
     <SCONAME>ES_REQUEST_KEY</SCONAME>
     <LANGU>E</LANGU>
     <DESCRIPT>SDS: REST Request Key</DESCRIPT>
    </SEOSUBCOTX>
    <SEOSUBCOTX>
     <CMPNAME>ADD_LOG_REST_INTF</CMPNAME>
     <SCONAME>IF_INTFNO</SCONAME>
     <LANGU>E</LANGU>
     <DESCRIPT>Interface ID</DESCRIPT>
    </SEOSUBCOTX>
    <SEOSUBCOTX>
     <CMPNAME>ADD_LOG_REST_INTF</CMPNAME>
     <SCONAME>IF_KEYDATA</SCONAME>
     <LANGU>E</LANGU>
     <DESCRIPT>Key Data Field</DESCRIPT>
    </SEOSUBCOTX>
    <SEOSUBCOTX>
     <CMPNAME>ADD_LOG_REST_INTF</CMPNAME>
     <SCONAME>IF_MESSAGE</SCONAME>
     <LANGU>E</LANGU>
     <DESCRIPT>Response Message</DESCRIPT>
    </SEOSUBCOTX>
    <SEOSUBCOTX>
     <CMPNAME>ADD_LOG_REST_INTF</CMPNAME>
     <SCONAME>IF_REQUEST_JSON</SCONAME>
     <LANGU>E</LANGU>
     <DESCRIPT>Request JSON</DESCRIPT>
    </SEOSUBCOTX>
    <SEOSUBCOTX>
     <CMPNAME>ADD_LOG_REST_INTF</CMPNAME>
     <SCONAME>IF_STATUS</SCONAME>
     <LANGU>E</LANGU>
     <DESCRIPT>REST Response Status</DESCRIPT>
    </SEOSUBCOTX>
    <SEOSUBCOTX>
     <CMPNAME>ADD_LOG_REST_INTF</CMPNAME>
     <SCONAME>IS_REQUEST</SCONAME>
     <LANGU>E</LANGU>
     <DESCRIPT>Request Data</DESCRIPT>
    </SEOSUBCOTX>
    <SEOSUBCOTX>
     <CMPNAME>ASSIGN_KEYDATA</CMPNAME>
     <SCONAME>EF_VALUE</SCONAME>
     <LANGU>E</LANGU>
     <DESCRIPT>Key Data Field</DESCRIPT>
    </SEOSUBCOTX>
    <SEOSUBCOTX>
     <CMPNAME>ASSIGN_KEYDATA</CMPNAME>
     <SCONAME>IF_JSON</SCONAME>
     <LANGU>E</LANGU>
     <DESCRIPT>JSON Data</DESCRIPT>
    </SEOSUBCOTX>
    <SEOSUBCOTX>
     <CMPNAME>ASSIGN_STATUS</CMPNAME>
     <SCONAME>EF_MESSAGE</SCONAME>
     <LANGU>E</LANGU>
     <DESCRIPT>Response Message</DESCRIPT>
    </SEOSUBCOTX>
    <SEOSUBCOTX>
     <CMPNAME>ASSIGN_STATUS</CMPNAME>
     <SCONAME>EF_STATUS</SCONAME>
     <LANGU>E</LANGU>
     <DESCRIPT>REST Response Status</DESCRIPT>
    </SEOSUBCOTX>
    <SEOSUBCOTX>
     <CMPNAME>ASSIGN_STATUS</CMPNAME>
     <SCONAME>IF_JSON</SCONAME>
     <LANGU>E</LANGU>
     <DESCRIPT>JSON Data</DESCRIPT>
    </SEOSUBCOTX>
    <SEOSUBCOTX>
     <CMPNAME>CALL_PROCESS_METHOD</CMPNAME>
     <SCONAME>EF_HTTP_ERROR</SCONAME>
     <LANGU>E</LANGU>
     <DESCRIPT>HTTP Error</DESCRIPT>
    </SEOSUBCOTX>
    <SEOSUBCOTX>
     <CMPNAME>CALL_PROCESS_METHOD</CMPNAME>
     <SCONAME>EF_MESSAGE</SCONAME>
     <LANGU>E</LANGU>
     <DESCRIPT>Response Message</DESCRIPT>
    </SEOSUBCOTX>
    <SEOSUBCOTX>
     <CMPNAME>CALL_PROCESS_METHOD</CMPNAME>
     <SCONAME>EF_RESPONSE_JSON</SCONAME>
     <LANGU>E</LANGU>
     <DESCRIPT>Response JSON</DESCRIPT>
    </SEOSUBCOTX>
    <SEOSUBCOTX>
     <CMPNAME>CALL_PROCESS_METHOD</CMPNAME>
     <SCONAME>EF_STATUS</SCONAME>
     <LANGU>E</LANGU>
     <DESCRIPT>REST Response Status</DESCRIPT>
    </SEOSUBCOTX>
    <SEOSUBCOTX>
     <CMPNAME>CALL_PROCESS_METHOD</CMPNAME>
     <SCONAME>IF_REQUEST_JSON</SCONAME>
     <LANGU>E</LANGU>
     <DESCRIPT>Request JSON</DESCRIPT>
    </SEOSUBCOTX>
    <SEOSUBCOTX>
     <CMPNAME>CALL_REST_INTF</CMPNAME>
     <SCONAME>EF_RESPONSE_JSON</SCONAME>
     <LANGU>E</LANGU>
     <DESCRIPT>Response JSON</DESCRIPT>
    </SEOSUBCOTX>
    <SEOSUBCOTX>
     <CMPNAME>CALL_REST_INTF</CMPNAME>
     <SCONAME>ES_REQUEST_KEY</SCONAME>
     <LANGU>E</LANGU>
     <DESCRIPT>SDS: REST Request Key</DESCRIPT>
    </SEOSUBCOTX>
    <SEOSUBCOTX>
     <CMPNAME>CALL_REST_INTF</CMPNAME>
     <SCONAME>ES_RESPONSE</SCONAME>
     <LANGU>E</LANGU>
     <DESCRIPT>Response Data</DESCRIPT>
    </SEOSUBCOTX>
    <SEOSUBCOTX>
     <CMPNAME>CALL_REST_INTF</CMPNAME>
     <SCONAME>IF_INTFNO</SCONAME>
     <LANGU>E</LANGU>
     <DESCRIPT>Interface ID</DESCRIPT>
    </SEOSUBCOTX>
    <SEOSUBCOTX>
     <CMPNAME>CALL_REST_INTF</CMPNAME>
     <SCONAME>IF_KEYDATA</SCONAME>
     <LANGU>E</LANGU>
     <DESCRIPT>Key Data</DESCRIPT>
    </SEOSUBCOTX>
    <SEOSUBCOTX>
     <CMPNAME>CALL_REST_INTF</CMPNAME>
     <SCONAME>IF_REQUEST_JSON</SCONAME>
     <LANGU>E</LANGU>
     <DESCRIPT>Request JSON</DESCRIPT>
    </SEOSUBCOTX>
    <SEOSUBCOTX>
     <CMPNAME>CALL_REST_INTF</CMPNAME>
     <SCONAME>IF_SHOW_PROCESS_LOG</SCONAME>
     <LANGU>E</LANGU>
     <DESCRIPT>Show Processing Log</DESCRIPT>
    </SEOSUBCOTX>
    <SEOSUBCOTX>
     <CMPNAME>CALL_REST_INTF</CMPNAME>
     <SCONAME>IS_REQUEST</SCONAME>
     <LANGU>E</LANGU>
     <DESCRIPT>Request Data</DESCRIPT>
    </SEOSUBCOTX>
    <SEOSUBCOTX>
     <CMPNAME>CONSUME_REST_API</CMPNAME>
     <SCONAME>EF_HTML_ERROR</SCONAME>
     <LANGU>E</LANGU>
     <DESCRIPT>HTML error page</DESCRIPT>
    </SEOSUBCOTX>
    <SEOSUBCOTX>
     <CMPNAME>CONSUME_REST_API</CMPNAME>
     <SCONAME>EF_HTTP_CODE</SCONAME>
     <LANGU>E</LANGU>
     <DESCRIPT>HTTP return code</DESCRIPT>
    </SEOSUBCOTX>
    <SEOSUBCOTX>
     <CMPNAME>CONSUME_REST_API</CMPNAME>
     <SCONAME>EF_HTTP_REASON</SCONAME>
     <LANGU>E</LANGU>
     <DESCRIPT>HTTP return text</DESCRIPT>
    </SEOSUBCOTX>
    <SEOSUBCOTX>
     <CMPNAME>CONSUME_REST_API</CMPNAME>
     <SCONAME>EF_RESPONSE_JSON</SCONAME>
     <LANGU>E</LANGU>
     <DESCRIPT>JSON Data</DESCRIPT>
    </SEOSUBCOTX>
    <SEOSUBCOTX>
     <CMPNAME>CONSUME_REST_API</CMPNAME>
     <SCONAME>IF_REQUEST_JSON</SCONAME>
     <LANGU>E</LANGU>
     <DESCRIPT>JSON Data</DESCRIPT>
    </SEOSUBCOTX>
    <SEOSUBCOTX>
     <CMPNAME>CONSUME_REST_API</CMPNAME>
     <SCONAME>IS_CONFIG</SCONAME>
     <LANGU>E</LANGU>
     <DESCRIPT>Interface Configuration</DESCRIPT>
    </SEOSUBCOTX>
    <SEOSUBCOTX>
     <CMPNAME>CONVERT_DATA_TO_JSON</CMPNAME>
     <SCONAME>EF_JSON</SCONAME>
     <LANGU>E</LANGU>
     <DESCRIPT>JSON</DESCRIPT>
    </SEOSUBCOTX>
    <SEOSUBCOTX>
     <CMPNAME>CONVERT_DATA_TO_JSON</CMPNAME>
     <SCONAME>IF_INTFNO</SCONAME>
     <LANGU>E</LANGU>
     <DESCRIPT>Interface ID</DESCRIPT>
    </SEOSUBCOTX>
    <SEOSUBCOTX>
     <CMPNAME>CONVERT_DATA_TO_JSON</CMPNAME>
     <SCONAME>IF_SHOW_JSON_POPUP</SCONAME>
     <LANGU>E</LANGU>
     <DESCRIPT>Show Result JSON as popup</DESCRIPT>
    </SEOSUBCOTX>
    <SEOSUBCOTX>
     <CMPNAME>CONVERT_DATA_TO_JSON</CMPNAME>
     <SCONAME>IF_TYPE</SCONAME>
     <LANGU>E</LANGU>
     <DESCRIPT>1 = Request, 2 = Response</DESCRIPT>
    </SEOSUBCOTX>
    <SEOSUBCOTX>
     <CMPNAME>CONVERT_DATA_TO_JSON</CMPNAME>
     <SCONAME>IS_DATA</SCONAME>
     <LANGU>E</LANGU>
     <DESCRIPT>Data</DESCRIPT>
    </SEOSUBCOTX>
    <SEOSUBCOTX>
     <CMPNAME>CONVERT_DATE_TIME_TO_ISO</CMPNAME>
     <SCONAME>EF_OUTPUT</SCONAME>
     <LANGU>E</LANGU>
     <DESCRIPT>Date in ISO Format</DESCRIPT>
    </SEOSUBCOTX>
    <SEOSUBCOTX>
     <CMPNAME>CONVERT_DATE_TIME_TO_ISO</CMPNAME>
     <SCONAME>IF_DATUM</SCONAME>
     <LANGU>E</LANGU>
     <DESCRIPT>Date</DESCRIPT>
    </SEOSUBCOTX>
    <SEOSUBCOTX>
     <CMPNAME>CONVERT_DATE_TIME_TO_ISO</CMPNAME>
     <SCONAME>IF_TIMESTAMP</SCONAME>
     <LANGU>E</LANGU>
     <DESCRIPT>UTC Time Stamp in Short Form (YYYYMMDDhhmmss)</DESCRIPT>
    </SEOSUBCOTX>
    <SEOSUBCOTX>
     <CMPNAME>CONVERT_DATE_TIME_TO_ISO</CMPNAME>
     <SCONAME>IF_TIMEZONE</SCONAME>
     <LANGU>E</LANGU>
     <DESCRIPT>Time Zone</DESCRIPT>
    </SEOSUBCOTX>
    <SEOSUBCOTX>
     <CMPNAME>CONVERT_DATE_TIME_TO_ISO</CMPNAME>
     <SCONAME>IF_UZEIT</SCONAME>
     <LANGU>E</LANGU>
     <DESCRIPT>Time</DESCRIPT>
    </SEOSUBCOTX>
    <SEOSUBCOTX>
     <CMPNAME>CONVERT_ISO_TO_DATE_TIME</CMPNAME>
     <SCONAME>EF_DATUM</SCONAME>
     <LANGU>E</LANGU>
     <DESCRIPT>Date</DESCRIPT>
    </SEOSUBCOTX>
    <SEOSUBCOTX>
     <CMPNAME>CONVERT_ISO_TO_DATE_TIME</CMPNAME>
     <SCONAME>EF_TIMESTAMP</SCONAME>
     <LANGU>E</LANGU>
     <DESCRIPT>UTC Time Stamp in Short Form (YYYYMMDDhhmmss)</DESCRIPT>
    </SEOSUBCOTX>
    <SEOSUBCOTX>
     <CMPNAME>CONVERT_ISO_TO_DATE_TIME</CMPNAME>
     <SCONAME>EF_UZEIT</SCONAME>
     <LANGU>E</LANGU>
     <DESCRIPT>Time</DESCRIPT>
    </SEOSUBCOTX>
    <SEOSUBCOTX>
     <CMPNAME>CONVERT_ISO_TO_DATE_TIME</CMPNAME>
     <SCONAME>IF_INPUT</SCONAME>
     <LANGU>E</LANGU>
     <DESCRIPT>Date in ISO Format</DESCRIPT>
    </SEOSUBCOTX>
    <SEOSUBCOTX>
     <CMPNAME>CONVERT_ISO_TO_DATE_TIME</CMPNAME>
     <SCONAME>IF_TIMEZONE</SCONAME>
     <LANGU>E</LANGU>
     <DESCRIPT>Time Zone</DESCRIPT>
    </SEOSUBCOTX>
    <SEOSUBCOTX>
     <CMPNAME>CONVERT_JSON_TO_DATA</CMPNAME>
     <SCONAME>ES_DATA</SCONAME>
     <LANGU>E</LANGU>
     <DESCRIPT>Data</DESCRIPT>
    </SEOSUBCOTX>
    <SEOSUBCOTX>
     <CMPNAME>CONVERT_JSON_TO_DATA</CMPNAME>
     <SCONAME>IF_INTFNO</SCONAME>
     <LANGU>E</LANGU>
     <DESCRIPT>Interface ID</DESCRIPT>
    </SEOSUBCOTX>
    <SEOSUBCOTX>
     <CMPNAME>CONVERT_JSON_TO_DATA</CMPNAME>
     <SCONAME>IF_JSON</SCONAME>
     <LANGU>E</LANGU>
     <DESCRIPT>JSON Data</DESCRIPT>
    </SEOSUBCOTX>
    <SEOSUBCOTX>
     <CMPNAME>CONVERT_JSON_TO_DATA</CMPNAME>
     <SCONAME>IF_TYPE</SCONAME>
     <LANGU>E</LANGU>
     <DESCRIPT>1 = Request, 2 = Response</DESCRIPT>
    </SEOSUBCOTX>
    <SEOSUBCOTX>
     <CMPNAME>GET_PROCESSING_INSTANCE</CMPNAME>
     <SCONAME>RREF_PROCESS</SCONAME>
     <LANGU>E</LANGU>
     <DESCRIPT>SDS: REST Service Class Template</DESCRIPT>
    </SEOSUBCOTX>
    <SEOSUBCOTX>
     <CMPNAME>GET_TIMEZONE</CMPNAME>
     <SCONAME>EF_TIMEZONE</SCONAME>
     <LANGU>E</LANGU>
     <DESCRIPT>Time Zone</DESCRIPT>
    </SEOSUBCOTX>
    <SEOSUBCOTX>
     <CMPNAME>GET_TIMEZONE_DETAIL</CMPNAME>
     <SCONAME>IF_TIMEZONE</SCONAME>
     <LANGU>E</LANGU>
     <DESCRIPT>Time Zone</DESCRIPT>
    </SEOSUBCOTX>
    <SEOSUBCOTX>
     <CMPNAME>READ_CONFIGURATION</CMPNAME>
     <SCONAME>IF_INTFNO</SCONAME>
     <LANGU>E</LANGU>
     <DESCRIPT>Interface ID</DESCRIPT>
    </SEOSUBCOTX>
    <SEOSUBCOTX>
     <CMPNAME>READ_CONFIGURATION</CMPNAME>
     <SCONAME>RS_CONFIG</SCONAME>
     <LANGU>E</LANGU>
     <DESCRIPT>SDS: REST Interface Configuration</DESCRIPT>
    </SEOSUBCOTX>
    <SEOSUBCOTX>
     <CMPNAME>READ_FIELD_VALUE</CMPNAME>
     <SCONAME>EF_VALUE</SCONAME>
     <LANGU>E</LANGU>
     <DESCRIPT>Value</DESCRIPT>
    </SEOSUBCOTX>
    <SEOSUBCOTX>
     <CMPNAME>READ_FIELD_VALUE</CMPNAME>
     <SCONAME>IF_FIELD</SCONAME>
     <LANGU>E</LANGU>
     <DESCRIPT>Fieldname</DESCRIPT>
    </SEOSUBCOTX>
    <SEOSUBCOTX>
     <CMPNAME>READ_FIELD_VALUE</CMPNAME>
     <SCONAME>IS_DATA</SCONAME>
     <LANGU>E</LANGU>
     <DESCRIPT>Data</DESCRIPT>
    </SEOSUBCOTX>
    <SEOSUBCOTX>
     <CMPNAME>SHOW_POPUP</CMPNAME>
     <SCONAME>IF_SECTION</SCONAME>
     <LANGU>E</LANGU>
     <DESCRIPT>Section Text</DESCRIPT>
    </SEOSUBCOTX>
    <SEOSUBCOTX>
     <CMPNAME>SHOW_POPUP</CMPNAME>
     <SCONAME>IF_TYPE</SCONAME>
     <LANGU>E</LANGU>
     <DESCRIPT>1 = JSON, 2 = HTML</DESCRIPT>
    </SEOSUBCOTX>
    <SEOSUBCOTX>
     <CMPNAME>SHOW_POPUP</CMPNAME>
     <SCONAME>IS_DATA</SCONAME>
     <LANGU>E</LANGU>
     <DESCRIPT>Data</DESCRIPT>
    </SEOSUBCOTX>
    <SEOSUBCOTX>
     <CMPNAME>TRANSFORM_DATA_TO_JSON</CMPNAME>
     <SCONAME>EF_JSON</SCONAME>
     <LANGU>E</LANGU>
     <DESCRIPT>JSON Data</DESCRIPT>
    </SEOSUBCOTX>
    <SEOSUBCOTX>
     <CMPNAME>TRANSFORM_DATA_TO_JSON</CMPNAME>
     <SCONAME>IF_TRANSFORM</SCONAME>
     <LANGU>E</LANGU>
     <DESCRIPT>XSLT Transformation</DESCRIPT>
    </SEOSUBCOTX>
    <SEOSUBCOTX>
     <CMPNAME>TRANSFORM_DATA_TO_JSON</CMPNAME>
     <SCONAME>IS_DATA</SCONAME>
     <LANGU>E</LANGU>
     <DESCRIPT>Data</DESCRIPT>
    </SEOSUBCOTX>
    <SEOSUBCOTX>
     <CMPNAME>TRANSFORM_JSON_TO_DATA</CMPNAME>
     <SCONAME>ES_DATA</SCONAME>
     <LANGU>E</LANGU>
     <DESCRIPT>Data</DESCRIPT>
    </SEOSUBCOTX>
    <SEOSUBCOTX>
     <CMPNAME>TRANSFORM_JSON_TO_DATA</CMPNAME>
     <SCONAME>IF_JSON</SCONAME>
     <LANGU>E</LANGU>
     <DESCRIPT>JSON Data</DESCRIPT>
    </SEOSUBCOTX>
    <SEOSUBCOTX>
     <CMPNAME>TRANSFORM_JSON_TO_DATA</CMPNAME>
     <SCONAME>IF_TRANSFORM</SCONAME>
     <LANGU>E</LANGU>
     <DESCRIPT>XSLT Transformation</DESCRIPT>
    </SEOSUBCOTX>
   </DESCRIPTIONS_SUB>
  </asx:values>
 </asx:abap>
</abapGit>
