﻿<?xml version="1.0" encoding="utf-8"?>
<abapGit version="v1.0.0" serializer="LCL_OBJECT_CLAS" serializer_version="v1.0.0">
 <asx:abap xmlns:asx="http://www.sap.com/abapxml" version="1.0">
  <asx:values>
   <VSEOCLASS>
    <CLSNAME>ZCL_SDSCA_GEN_DATA_FILE</CLSNAME>
    <LANGU>E</LANGU>
    <DESCRIPT>Gen Data file Transfer</DESCRIPT>
    <STATE>1</STATE>
    <CLSCCINCL>X</CLSCCINCL>
    <FIXPT>X</FIXPT>
    <UNICODE>X</UNICODE>
   </VSEOCLASS>
   <DESCRIPTIONS_SUB>
    <SEOSUBCOTX>
     <CMPNAME>FTP_FILE_GET</CMPNAME>
     <SCONAME>I_MODE</SCONAME>
     <LANGU>E</LANGU>
     <DESCRIPT>B = BINARY, U = UTF8</DESCRIPT>
    </SEOSUBCOTX>
    <SEOSUBCOTX>
     <CMPNAME>FTP_FILE_GET</CMPNAME>
     <SCONAME>R</SCONAME>
     <LANGU>E</LANGU>
     <DESCRIPT>Single-Character Flag</DESCRIPT>
    </SEOSUBCOTX>
    <SEOSUBCOTX>
     <CMPNAME>FTP_FILE_MGET</CMPNAME>
     <SCONAME>I_MODE</SCONAME>
     <LANGU>E</LANGU>
     <DESCRIPT>Single-Character Flag</DESCRIPT>
    </SEOSUBCOTX>
    <SEOSUBCOTX>
     <CMPNAME>FTP_FILE_MGET</CMPNAME>
     <SCONAME>R</SCONAME>
     <LANGU>E</LANGU>
     <DESCRIPT>String Table</DESCRIPT>
    </SEOSUBCOTX>
    <SEOSUBCOTX>
     <CMPNAME>FTP_FILE_PUT</CMPNAME>
     <SCONAME>IT_DATA</SCONAME>
     <LANGU>E</LANGU>
     <DESCRIPT>String Table</DESCRIPT>
    </SEOSUBCOTX>
    <SEOSUBCOTX>
     <CMPNAME>FTP_FILE_PUT</CMPNAME>
     <SCONAME>I_DATA_SPIDER</SCONAME>
     <LANGU>E</LANGU>
     <DESCRIPT>Single-Character Flag</DESCRIPT>
    </SEOSUBCOTX>
    <SEOSUBCOTX>
     <CMPNAME>FTP_FILE_PUT</CMPNAME>
     <SCONAME>R</SCONAME>
     <LANGU>E</LANGU>
     <DESCRIPT>Single-Character Flag</DESCRIPT>
    </SEOSUBCOTX>
    <SEOSUBCOTX>
     <CMPNAME>GEN_DATA_FIEL</CMPNAME>
     <SCONAME>I_FIX_LEN</SCONAME>
     <LANGU>E</LANGU>
     <DESCRIPT>General Flag</DESCRIPT>
    </SEOSUBCOTX>
    <SEOSUBCOTX>
     <CMPNAME>GEN_DATA_FIEL</CMPNAME>
     <SCONAME>I_GROUP_BY_DETAIL_FILED1</SCONAME>
     <LANGU>E</LANGU>
     <DESCRIPT>General Flag</DESCRIPT>
    </SEOSUBCOTX>
    <SEOSUBCOTX>
     <CMPNAME>GEN_DATA_FIEL</CMPNAME>
     <SCONAME>I_SEPARATOR</SCONAME>
     <LANGU>E</LANGU>
     <DESCRIPT>Character Field with Length 10</DESCRIPT>
    </SEOSUBCOTX>
    <SEOSUBCOTX>
     <CMPNAME>GEN_DATA_FIEL</CMPNAME>
     <SCONAME>I_START_END_VALUE</SCONAME>
     <LANGU>E</LANGU>
     <DESCRIPT>Character Field with Length 10</DESCRIPT>
    </SEOSUBCOTX>
    <SEOSUBCOTX>
     <CMPNAME>GEN_DATA_FIEL</CMPNAME>
     <SCONAME>R_RETURN</SCONAME>
     <LANGU>E</LANGU>
     <DESCRIPT>EREC_T_STRING</DESCRIPT>
    </SEOSUBCOTX>
   </DESCRIPTIONS_SUB>
  </asx:values>
 </asx:abap>
</abapGit>
