﻿<?xml version="1.0" encoding="utf-8"?>
<abapGit version="v1.0.0" serializer="LCL_OBJECT_CLAS" serializer_version="v1.0.0">
 <asx:abap xmlns:asx="http://www.sap.com/abapxml" version="1.0">
  <asx:values>
   <VSEOCLASS>
    <CLSNAME>ZCL_SDSCA_REST_SERVICE</CLSNAME>
    <LANGU>E</LANGU>
    <DESCRIPT>SDS: REST Service Class Template</DESCRIPT>
    <STATE>1</STATE>
    <CLSCCINCL>X</CLSCCINCL>
    <FIXPT>X</FIXPT>
    <UNICODE>X</UNICODE>
   </VSEOCLASS>
   <DESCRIPTIONS>
    <SEOCOMPOTX>
     <CMPNAME>CONSTRUCTOR</CMPNAME>
     <LANGU>E</LANGU>
     <DESCRIPT>CONSTRUCTOR</DESCRIPT>
    </SEOCOMPOTX>
    <SEOCOMPOTX>
     <CMPNAME>GET_KEYDATA</CMPNAME>
     <LANGU>E</LANGU>
     <DESCRIPT>Get Key data from Data</DESCRIPT>
    </SEOCOMPOTX>
    <SEOCOMPOTX>
     <CMPNAME>GET_STATUS</CMPNAME>
     <LANGU>E</LANGU>
     <DESCRIPT>Get Status from Response Data</DESCRIPT>
    </SEOCOMPOTX>
    <SEOCOMPOTX>
     <CMPNAME>GF_FNAME_MESSAGE</CMPNAME>
     <LANGU>E</LANGU>
     <DESCRIPT>Response Message Fieldname</DESCRIPT>
    </SEOCOMPOTX>
    <SEOCOMPOTX>
     <CMPNAME>GF_FNAME_STATUS</CMPNAME>
     <LANGU>E</LANGU>
     <DESCRIPT>Response Status Fieldname</DESCRIPT>
    </SEOCOMPOTX>
    <SEOCOMPOTX>
     <CMPNAME>GF_WAIT_TIMES</CMPNAME>
     <LANGU>E</LANGU>
     <DESCRIPT>Max wait time to lock processing (Seconds)</DESCRIPT>
    </SEOCOMPOTX>
    <SEOCOMPOTX>
     <CMPNAME>HANDLING_ERROR</CMPNAME>
     <LANGU>E</LANGU>
     <DESCRIPT>Error handling</DESCRIPT>
    </SEOCOMPOTX>
    <SEOCOMPOTX>
     <CMPNAME>INITIALIZE_DATA</CMPNAME>
     <LANGU>E</LANGU>
     <DESCRIPT>Initialize Instance Data</DESCRIPT>
    </SEOCOMPOTX>
    <SEOCOMPOTX>
     <CMPNAME>LOCK_PROCESSING</CMPNAME>
     <LANGU>E</LANGU>
     <DESCRIPT>Lock Processing (Use only  when 1 process at a time needed)</DESCRIPT>
    </SEOCOMPOTX>
    <SEOCOMPOTX>
     <CMPNAME>PROCESS_DATA</CMPNAME>
     <LANGU>E</LANGU>
     <DESCRIPT>Processing REST Service</DESCRIPT>
    </SEOCOMPOTX>
    <SEOCOMPOTX>
     <CMPNAME>TRANSFORM_DATA_TO_JSON</CMPNAME>
     <LANGU>E</LANGU>
     <DESCRIPT>Transform Data into JSON</DESCRIPT>
    </SEOCOMPOTX>
    <SEOCOMPOTX>
     <CMPNAME>TRANSFORM_JSON_TO_DATA</CMPNAME>
     <LANGU>E</LANGU>
     <DESCRIPT>Transform JSON into Data</DESCRIPT>
    </SEOCOMPOTX>
    <SEOCOMPOTX>
     <CMPNAME>UNLOCK_PROCESSING</CMPNAME>
     <LANGU>E</LANGU>
     <DESCRIPT>Unlock Processing</DESCRIPT>
    </SEOCOMPOTX>
   </DESCRIPTIONS>
   <DESCRIPTIONS_SUB>
    <SEOSUBCOTX>
     <CMPNAME>CONSTRUCTOR</CMPNAME>
     <SCONAME>IF_FNAME_MESSAGE</SCONAME>
     <LANGU>E</LANGU>
     <DESCRIPT>Response Message Fieldname</DESCRIPT>
    </SEOSUBCOTX>
    <SEOSUBCOTX>
     <CMPNAME>CONSTRUCTOR</CMPNAME>
     <SCONAME>IF_FNAME_STATUS</SCONAME>
     <LANGU>E</LANGU>
     <DESCRIPT>Response Status Fieldname</DESCRIPT>
    </SEOSUBCOTX>
    <SEOSUBCOTX>
     <CMPNAME>GET_KEYDATA</CMPNAME>
     <SCONAME>EF_VALUE</SCONAME>
     <LANGU>E</LANGU>
     <DESCRIPT>Key Data Field</DESCRIPT>
    </SEOSUBCOTX>
    <SEOSUBCOTX>
     <CMPNAME>GET_KEYDATA</CMPNAME>
     <SCONAME>IS_DATA</SCONAME>
     <LANGU>E</LANGU>
     <DESCRIPT>Data</DESCRIPT>
    </SEOSUBCOTX>
    <SEOSUBCOTX>
     <CMPNAME>GET_STATUS</CMPNAME>
     <SCONAME>EF_MESSAGE</SCONAME>
     <LANGU>E</LANGU>
     <DESCRIPT>Response Message</DESCRIPT>
    </SEOSUBCOTX>
    <SEOSUBCOTX>
     <CMPNAME>GET_STATUS</CMPNAME>
     <SCONAME>EF_STATUS</SCONAME>
     <LANGU>E</LANGU>
     <DESCRIPT>REST Response Status</DESCRIPT>
    </SEOSUBCOTX>
    <SEOSUBCOTX>
     <CMPNAME>GET_STATUS</CMPNAME>
     <SCONAME>IS_DATA</SCONAME>
     <LANGU>E</LANGU>
     <DESCRIPT>Response Data</DESCRIPT>
    </SEOSUBCOTX>
    <SEOSUBCOTX>
     <CMPNAME>HANDLING_ERROR</CMPNAME>
     <SCONAME>EF_ASSIGNED</SCONAME>
     <LANGU>E</LANGU>
     <DESCRIPT>Message Assign to Response</DESCRIPT>
    </SEOSUBCOTX>
    <SEOSUBCOTX>
     <CMPNAME>HANDLING_ERROR</CMPNAME>
     <SCONAME>IF_MESSAGE</SCONAME>
     <LANGU>E</LANGU>
     <DESCRIPT>Response Message</DESCRIPT>
    </SEOSUBCOTX>
    <SEOSUBCOTX>
     <CMPNAME>HANDLING_ERROR</CMPNAME>
     <SCONAME>IF_STATUS</SCONAME>
     <LANGU>E</LANGU>
     <DESCRIPT>REST Response Status</DESCRIPT>
    </SEOSUBCOTX>
    <SEOSUBCOTX>
     <CMPNAME>HANDLING_ERROR</CMPNAME>
     <SCONAME>IREF_RESPONSE_DATA</SCONAME>
     <LANGU>E</LANGU>
     <DESCRIPT>Response Data</DESCRIPT>
    </SEOSUBCOTX>
    <SEOSUBCOTX>
     <CMPNAME>LOCK_PROCESSING</CMPNAME>
     <SCONAME>RF_RESULT</SCONAME>
     <LANGU>E</LANGU>
     <DESCRIPT>Truth Value: True/False</DESCRIPT>
    </SEOSUBCOTX>
    <SEOSUBCOTX>
     <CMPNAME>PROCESS_DATA</CMPNAME>
     <SCONAME>EF_HTTP_ERROR</SCONAME>
     <LANGU>E</LANGU>
     <DESCRIPT>Error as HTTP error</DESCRIPT>
    </SEOSUBCOTX>
    <SEOSUBCOTX>
     <CMPNAME>PROCESS_DATA</CMPNAME>
     <SCONAME>EF_MESSAGE</SCONAME>
     <LANGU>E</LANGU>
     <DESCRIPT>Response Message</DESCRIPT>
    </SEOSUBCOTX>
    <SEOSUBCOTX>
     <CMPNAME>PROCESS_DATA</CMPNAME>
     <SCONAME>EF_STATUS</SCONAME>
     <LANGU>E</LANGU>
     <DESCRIPT>REST Response Status</DESCRIPT>
    </SEOSUBCOTX>
    <SEOSUBCOTX>
     <CMPNAME>PROCESS_DATA</CMPNAME>
     <SCONAME>EREF_RESPONSE_DATA</SCONAME>
     <LANGU>E</LANGU>
     <DESCRIPT>Response Data</DESCRIPT>
    </SEOSUBCOTX>
    <SEOSUBCOTX>
     <CMPNAME>PROCESS_DATA</CMPNAME>
     <SCONAME>IREF_REQUEST_DATA</SCONAME>
     <LANGU>E</LANGU>
     <DESCRIPT>Request Data</DESCRIPT>
    </SEOSUBCOTX>
    <SEOSUBCOTX>
     <CMPNAME>TRANSFORM_DATA_TO_JSON</CMPNAME>
     <SCONAME>EF_JSON</SCONAME>
     <LANGU>E</LANGU>
     <DESCRIPT>JSON Data</DESCRIPT>
    </SEOSUBCOTX>
    <SEOSUBCOTX>
     <CMPNAME>TRANSFORM_DATA_TO_JSON</CMPNAME>
     <SCONAME>IF_TYPE</SCONAME>
     <LANGU>E</LANGU>
     <DESCRIPT>1 = Request data, 2 = Response Data</DESCRIPT>
    </SEOSUBCOTX>
    <SEOSUBCOTX>
     <CMPNAME>TRANSFORM_DATA_TO_JSON</CMPNAME>
     <SCONAME>IS_DATA</SCONAME>
     <LANGU>E</LANGU>
     <DESCRIPT>Data</DESCRIPT>
    </SEOSUBCOTX>
    <SEOSUBCOTX>
     <CMPNAME>TRANSFORM_JSON_TO_DATA</CMPNAME>
     <SCONAME>ES_DATA</SCONAME>
     <LANGU>E</LANGU>
     <DESCRIPT>Data</DESCRIPT>
    </SEOSUBCOTX>
    <SEOSUBCOTX>
     <CMPNAME>TRANSFORM_JSON_TO_DATA</CMPNAME>
     <SCONAME>IF_JSON</SCONAME>
     <LANGU>E</LANGU>
     <DESCRIPT>JSON Data</DESCRIPT>
    </SEOSUBCOTX>
    <SEOSUBCOTX>
     <CMPNAME>TRANSFORM_JSON_TO_DATA</CMPNAME>
     <SCONAME>IF_TYPE</SCONAME>
     <LANGU>E</LANGU>
     <DESCRIPT>1 = Request data, 2 = Response Data</DESCRIPT>
    </SEOSUBCOTX>
   </DESCRIPTIONS_SUB>
  </asx:values>
 </asx:abap>
</abapGit>
