﻿<?xml version="1.0" encoding="utf-8"?>
<abapGit version="v1.0.0" serializer="LCL_OBJECT_CLAS" serializer_version="v1.0.0">
 <asx:abap xmlns:asx="http://www.sap.com/abapxml" version="1.0">
  <asx:values>
   <VSEOCLASS>
    <CLSNAME>ZCL_SDSCA_UTILITIES</CLSNAME>
    <LANGU>E</LANGU>
    <DESCRIPT>SDS Cross application Utilities</DESCRIPT>
    <STATE>1</STATE>
    <CLSCCINCL>X</CLSCCINCL>
    <FIXPT>X</FIXPT>
    <UNICODE>X</UNICODE>
   </VSEOCLASS>
   <DESCRIPTIONS>
    <SEOCOMPOTX>
     <CMPNAME>CREATE_XLSX_FROM_ITAB</CMPNAME>
     <LANGU>E</LANGU>
     <DESCRIPT>Create Excel file from internal table</DESCRIPT>
    </SEOCOMPOTX>
    <SEOCOMPOTX>
     <CMPNAME>GET_APPSV_FILE_LIST</CMPNAME>
     <LANGU>E</LANGU>
     <DESCRIPT>Get File list from application server path</DESCRIPT>
    </SEOCOMPOTX>
    <SEOCOMPOTX>
     <CMPNAME>GET_GEN_C</CMPNAME>
     <LANGU>E</LANGU>
     <DESCRIPT>Get General Constants (GENC)</DESCRIPT>
    </SEOCOMPOTX>
    <SEOCOMPOTX>
     <CMPNAME>GET_GEN_C_RANGE</CMPNAME>
     <LANGU>E</LANGU>
     <DESCRIPT>Get Range of Constant</DESCRIPT>
    </SEOCOMPOTX>
    <SEOCOMPOTX>
     <CMPNAME>READ_APPSV_FILE_INTO_XSTRING</CMPNAME>
     <LANGU>E</LANGU>
     <DESCRIPT>Read Application Server file to XSTRING</DESCRIPT>
    </SEOCOMPOTX>
    <SEOCOMPOTX>
     <CMPNAME>READ_FILE_TO_XSTRING</CMPNAME>
     <LANGU>E</LANGU>
     <DESCRIPT>Read file to XSTRING</DESCRIPT>
    </SEOCOMPOTX>
    <SEOCOMPOTX>
     <CMPNAME>READ_XLSX_INTO_ITAB</CMPNAME>
     <LANGU>E</LANGU>
     <DESCRIPT>Read Excel file into internal table</DESCRIPT>
    </SEOCOMPOTX>
   </DESCRIPTIONS>
   <DESCRIPTIONS_SUB>
    <SEOSUBCOTX>
     <CMPNAME>CREATE_XLSX_FROM_ITAB</CMPNAME>
     <SCONAME>IS_LAYOUT</SCONAME>
     <LANGU>E</LANGU>
     <DESCRIPT>ALV control: Layout structure</DESCRIPT>
    </SEOSUBCOTX>
    <SEOSUBCOTX>
     <CMPNAME>CREATE_XLSX_FROM_ITAB</CMPNAME>
     <SCONAME>IT_DATA</SCONAME>
     <LANGU>E</LANGU>
     <DESCRIPT>Data</DESCRIPT>
    </SEOSUBCOTX>
    <SEOSUBCOTX>
     <CMPNAME>CREATE_XLSX_FROM_ITAB</CMPNAME>
     <SCONAME>IT_FIELDCAT</SCONAME>
     <LANGU>E</LANGU>
     <DESCRIPT>Field Catalog for List Viewer Control</DESCRIPT>
    </SEOSUBCOTX>
    <SEOSUBCOTX>
     <CMPNAME>CREATE_XLSX_FROM_ITAB</CMPNAME>
     <SCONAME>IT_FILT</SCONAME>
     <LANGU>E</LANGU>
     <DESCRIPT>ALV control: Table of filter conditions</DESCRIPT>
    </SEOSUBCOTX>
    <SEOSUBCOTX>
     <CMPNAME>CREATE_XLSX_FROM_ITAB</CMPNAME>
     <SCONAME>IT_HYPERLINKS</SCONAME>
     <LANGU>E</LANGU>
     <DESCRIPT>ALV Control: Hyperlinks</DESCRIPT>
    </SEOSUBCOTX>
    <SEOSUBCOTX>
     <CMPNAME>CREATE_XLSX_FROM_ITAB</CMPNAME>
     <SCONAME>IT_SORT</SCONAME>
     <LANGU>E</LANGU>
     <DESCRIPT>ALV Control: Table of Sort Criteria</DESCRIPT>
    </SEOSUBCOTX>
    <SEOSUBCOTX>
     <CMPNAME>CREATE_XLSX_FROM_ITAB</CMPNAME>
     <SCONAME>RF_XSTRING</SCONAME>
     <LANGU>E</LANGU>
     <DESCRIPT>Output Binary for Excel File</DESCRIPT>
    </SEOSUBCOTX>
    <SEOSUBCOTX>
     <CMPNAME>GET_APPSV_FILE_LIST</CMPNAME>
     <SCONAME>ET_FILELIST</SCONAME>
     <LANGU>E</LANGU>
     <DESCRIPT>Rpt 2.0 - Table type for structure RSFILLST</DESCRIPT>
    </SEOSUBCOTX>
    <SEOSUBCOTX>
     <CMPNAME>GET_GEN_C</CMPNAME>
     <SCONAME>ET_GEN_C</SCONAME>
     <LANGU>E</LANGU>
     <DESCRIPT>General Constants (GENC)</DESCRIPT>
    </SEOSUBCOTX>
    <SEOSUBCOTX>
     <CMPNAME>GET_GEN_C</CMPNAME>
     <SCONAME>IF_REPID</SCONAME>
     <LANGU>E</LANGU>
     <DESCRIPT>ABAP Program Name</DESCRIPT>
    </SEOSUBCOTX>
    <SEOSUBCOTX>
     <CMPNAME>GET_GEN_C</CMPNAME>
     <SCONAME>IRT_EXT</SCONAME>
     <LANGU>E</LANGU>
     <DESCRIPT>Parameter extension</DESCRIPT>
    </SEOSUBCOTX>
    <SEOSUBCOTX>
     <CMPNAME>GET_GEN_C</CMPNAME>
     <SCONAME>IRT_PARAM</SCONAME>
     <LANGU>E</LANGU>
     <DESCRIPT>Parameter name</DESCRIPT>
    </SEOSUBCOTX>
    <SEOSUBCOTX>
     <CMPNAME>GET_GEN_C_RANGE</CMPNAME>
     <SCONAME>IF_EXT</SCONAME>
     <LANGU>E</LANGU>
     <DESCRIPT>Parameter Extension</DESCRIPT>
    </SEOSUBCOTX>
    <SEOSUBCOTX>
     <CMPNAME>GET_GEN_C_RANGE</CMPNAME>
     <SCONAME>IF_PARAM</SCONAME>
     <LANGU>E</LANGU>
     <DESCRIPT>Parameter name</DESCRIPT>
    </SEOSUBCOTX>
    <SEOSUBCOTX>
     <CMPNAME>GET_GEN_C_RANGE</CMPNAME>
     <SCONAME>IF_REPID</SCONAME>
     <LANGU>E</LANGU>
     <DESCRIPT>ABAP Program Name</DESCRIPT>
    </SEOSUBCOTX>
    <SEOSUBCOTX>
     <CMPNAME>READ_APPSV_FILE_INTO_XSTRING</CMPNAME>
     <SCONAME>ERROR_READ_FILENAME</SCONAME>
     <LANGU>E</LANGU>
     <DESCRIPT>Error during read filename</DESCRIPT>
    </SEOSUBCOTX>
    <SEOSUBCOTX>
     <CMPNAME>READ_FILE_TO_XSTRING</CMPNAME>
     <SCONAME>EF_XSTRING</SCONAME>
     <LANGU>E</LANGU>
     <DESCRIPT>XSTRING data</DESCRIPT>
    </SEOSUBCOTX>
    <SEOSUBCOTX>
     <CMPNAME>READ_FILE_TO_XSTRING</CMPNAME>
     <SCONAME>ERROR_READ_FILENAME</SCONAME>
     <LANGU>E</LANGU>
     <DESCRIPT>Error during read filename</DESCRIPT>
    </SEOSUBCOTX>
    <SEOSUBCOTX>
     <CMPNAME>READ_FILE_TO_XSTRING</CMPNAME>
     <SCONAME>IF_FILENAME</SCONAME>
     <LANGU>E</LANGU>
     <DESCRIPT>Input Filename</DESCRIPT>
    </SEOSUBCOTX>
    <SEOSUBCOTX>
     <CMPNAME>READ_XLSX_INTO_ITAB</CMPNAME>
     <SCONAME>ERROR_READ_FILENAME</SCONAME>
     <LANGU>E</LANGU>
     <DESCRIPT>Error during reading filename</DESCRIPT>
    </SEOSUBCOTX>
    <SEOSUBCOTX>
     <CMPNAME>READ_XLSX_INTO_ITAB</CMPNAME>
     <SCONAME>ET_XLSX_DATA</SCONAME>
     <LANGU>E</LANGU>
     <DESCRIPT>XLSX Data in Worksheet</DESCRIPT>
    </SEOSUBCOTX>
    <SEOSUBCOTX>
     <CMPNAME>READ_XLSX_INTO_ITAB</CMPNAME>
     <SCONAME>IF_APPSV_FLAG</SCONAME>
     <LANGU>E</LANGU>
     <DESCRIPT>Filename from Application Server</DESCRIPT>
    </SEOSUBCOTX>
    <SEOSUBCOTX>
     <CMPNAME>READ_XLSX_INTO_ITAB</CMPNAME>
     <SCONAME>IF_FILENAME</SCONAME>
     <LANGU>E</LANGU>
     <DESCRIPT>XLSX Filename</DESCRIPT>
    </SEOSUBCOTX>
    <SEOSUBCOTX>
     <CMPNAME>READ_XLSX_INTO_ITAB</CMPNAME>
     <SCONAME>IF_READ_ACTIVE_WORKSHEET</SCONAME>
     <LANGU>E</LANGU>
     <DESCRIPT>X = Read active worksheet only, &apos; &apos;=read it_worksheet</DESCRIPT>
    </SEOSUBCOTX>
    <SEOSUBCOTX>
     <CMPNAME>READ_XLSX_INTO_ITAB</CMPNAME>
     <SCONAME>IF_XSTRING</SCONAME>
     <LANGU>E</LANGU>
     <DESCRIPT>XLSX XString</DESCRIPT>
    </SEOSUBCOTX>
    <SEOSUBCOTX>
     <CMPNAME>READ_XLSX_INTO_ITAB</CMPNAME>
     <SCONAME>IT_WORKSHEET</SCONAME>
     <LANGU>E</LANGU>
     <DESCRIPT>Worksheet to read (blank = all worksheet)</DESCRIPT>
    </SEOSUBCOTX>
    <SEOSUBCOTX>
     <CMPNAME>READ_XLSX_INTO_ITAB</CMPNAME>
     <SCONAME>MISSING_FILENAME_OR_XSTRING</SCONAME>
     <LANGU>E</LANGU>
     <DESCRIPT>Mising filename or xstring data</DESCRIPT>
    </SEOSUBCOTX>
    <SEOSUBCOTX>
     <CMPNAME>READ_XLSX_INTO_ITAB</CMPNAME>
     <SCONAME>NO_DATA_FOUND</SCONAME>
     <LANGU>E</LANGU>
     <DESCRIPT>No data found</DESCRIPT>
    </SEOSUBCOTX>
   </DESCRIPTIONS_SUB>
  </asx:values>
 </asx:abap>
</abapGit>
