﻿<?xml version="1.0" encoding="utf-8"?>
<abapGit version="v1.0.0" serializer="LCL_OBJECT_FUGR" serializer_version="v1.0.0">
 <asx:abap xmlns:asx="http://www.sap.com/abapxml" version="1.0">
  <asx:values>
   <AREAT>Serch help : CDS View</AREAT>
   <INCLUDES>
    <SOBJ_NAME>LZSDSCA05TOP</SOBJ_NAME>
    <SOBJ_NAME>SAPLZSDSCA05</SOBJ_NAME>
   </INCLUDES>
   <FUNCTIONS>
    <item>
     <FUNCNAME>Z_SDSSD_GET_SO_HEADER</FUNCNAME>
     <REMOTE_CALL>R</REMOTE_CALL>
     <SHORT_TEXT>get S/O Header</SHORT_TEXT>
     <IMPORT>
      <RSIMP>
       <PARAMETER>IV_VBELN</PARAMETER>
       <OPTIONAL>X</OPTIONAL>
       <TYP>VBELN_VA</TYP>
      </RSIMP>
     </IMPORT>
     <EXPORT>
      <RSEXP>
       <PARAMETER>ES_HEADER</PARAMETER>
       <TYP>ZSDSSDS129</TYP>
      </RSEXP>
     </EXPORT>
     <DOCUMENTATION>
      <RSFDO>
       <PARAMETER>IV_VBELN</PARAMETER>
       <KIND>P</KIND>
       <STEXT>Sales Document</STEXT>
      </RSFDO>
      <RSFDO>
       <PARAMETER>ES_HEADER</PARAMETER>
       <KIND>P</KIND>
      </RSFDO>
     </DOCUMENTATION>
    </item>
    <item>
     <FUNCNAME>Z_SDSSD_SALES_RESULT</FUNCNAME>
     <SHORT_TEXT>Interface Sales Result</SHORT_TEXT>
    </item>
   </FUNCTIONS>
  </asx:values>
 </asx:abap>
</abapGit>
