﻿<?xml version="1.0" encoding="utf-8"?>
<abapGit version="v1.0.0" serializer="LCL_OBJECT_DTEL" serializer_version="v1.0.0">
 <asx:abap xmlns:asx="http://www.sap.com/abapxml" version="1.0">
  <asx:values>
   <DD04V>
    <ROLLNAME>ZSDSDE_PROCESS_NAME</ROLLNAME>
    <DDLANGUAGE>E</DDLANGUAGE>
    <HEADLEN>20</HEADLEN>
    <SCRLEN1>10</SCRLEN1>
    <SCRLEN2>20</SCRLEN2>
    <SCRLEN3>40</SCRLEN3>
    <DDTEXT>Process Name</DDTEXT>
    <REPTEXT>Process Name</REPTEXT>
    <SCRTEXT_S>ProcessNam</SCRTEXT_S>
    <SCRTEXT_M>Process Name</SCRTEXT_M>
    <SCRTEXT_L>Process Name</SCRTEXT_L>
    <DTELMASTER>E</DTELMASTER>
    <DATATYPE>CHAR</DATATYPE>
    <LENG>000010</LENG>
    <OUTPUTLEN>000010</OUTPUTLEN>
   </DD04V>
  </asx:values>
 </asx:abap>
</abapGit>
