﻿<?xml version="1.0" encoding="utf-8"?>
<abapGit version="v1.0.0" serializer="LCL_OBJECT_DTEL" serializer_version="v1.0.0">
 <asx:abap xmlns:asx="http://www.sap.com/abapxml" version="1.0">
  <asx:values>
   <DD04V>
    <ROLLNAME>ZSDSDE_PARAM_SIGN</ROLLNAME>
    <DDLANGUAGE>E</DDLANGUAGE>
    <DOMNAME>DDSIGN</DOMNAME>
    <HEADLEN>20</HEADLEN>
    <SCRLEN1>10</SCRLEN1>
    <SCRLEN2>20</SCRLEN2>
    <SCRLEN3>30</SCRLEN3>
    <DDTEXT>Inclusion/exclusion criterion SIGN for range tables</DDTEXT>
    <REPTEXT>Sign(I/E)</REPTEXT>
    <SCRTEXT_S>(I/E)</SCRTEXT_S>
    <SCRTEXT_M>Sign(I/E)</SCRTEXT_M>
    <SCRTEXT_L>Sign(I/E)</SCRTEXT_L>
    <DTELMASTER>E</DTELMASTER>
    <REFKIND>D</REFKIND>
   </DD04V>
  </asx:values>
 </asx:abap>
</abapGit>
