﻿<?xml version="1.0" encoding="utf-8"?>
<abapGit version="v1.0.0" serializer="LCL_OBJECT_DTEL" serializer_version="v1.0.0">
 <asx:abap xmlns:asx="http://www.sap.com/abapxml" version="1.0">
  <asx:values>
   <DD04V>
    <ROLLNAME>ZSDSDE_PARAM_OPTION</ROLLNAME>
    <DDLANGUAGE>E</DDLANGUAGE>
    <DOMNAME>DDOPTION</DOMNAME>
    <HEADLEN>20</HEADLEN>
    <SCRLEN1>10</SCRLEN1>
    <SCRLEN2>20</SCRLEN2>
    <SCRLEN3>30</SCRLEN3>
    <DDTEXT>OPTION component in row type of a Ranges type</DDTEXT>
    <REPTEXT>Option</REPTEXT>
    <SCRTEXT_S>Option</SCRTEXT_S>
    <SCRTEXT_M>Option</SCRTEXT_M>
    <SCRTEXT_L>Option</SCRTEXT_L>
    <DTELMASTER>E</DTELMASTER>
    <REFKIND>D</REFKIND>
   </DD04V>
  </asx:values>
 </asx:abap>
</abapGit>
