﻿<?xml version="1.0" encoding="utf-8"?>
<abapGit version="v1.0.0" serializer="LCL_OBJECT_DTEL" serializer_version="v1.0.0">
 <asx:abap xmlns:asx="http://www.sap.com/abapxml" version="1.0">
  <asx:values>
   <DD04V>
    <ROLLNAME>ZSDSDE_CONST</ROLLNAME>
    <DDLANGUAGE>E</DDLANGUAGE>
    <DOMNAME>CHAR_25</DOMNAME>
    <HEADLEN>25</HEADLEN>
    <SCRLEN1>10</SCRLEN1>
    <SCRLEN2>16</SCRLEN2>
    <SCRLEN3>20</SCRLEN3>
    <DDTEXT>Name of constant</DDTEXT>
    <REPTEXT>Name of constant</REPTEXT>
    <SCRTEXT_S>Name</SCRTEXT_S>
    <SCRTEXT_M>Name of constant</SCRTEXT_M>
    <SCRTEXT_L>Name of constant</SCRTEXT_L>
    <DTELMASTER>E</DTELMASTER>
    <REFKIND>D</REFKIND>
   </DD04V>
  </asx:values>
 </asx:abap>
</abapGit>
