﻿<?xml version="1.0" encoding="utf-8"?>
<abapGit version="v1.0.0" serializer="LCL_OBJECT_DTEL" serializer_version="v1.0.0">
 <asx:abap xmlns:asx="http://www.sap.com/abapxml" version="1.0">
  <asx:values>
   <DD04V>
    <ROLLNAME>ZSDSDE_EXETM</ROLLNAME>
    <DDLANGUAGE>E</DDLANGUAGE>
    <HEADLEN>20</HEADLEN>
    <SCRLEN1>10</SCRLEN1>
    <SCRLEN2>20</SCRLEN2>
    <SCRLEN3>30</SCRLEN3>
    <DDTEXT>Execution Time (Seconds)</DDTEXT>
    <REPTEXT>Execution Time (Sec)</REPTEXT>
    <SCRTEXT_S>Exec.Time</SCRTEXT_S>
    <SCRTEXT_M>Execution Time (Sec)</SCRTEXT_M>
    <SCRTEXT_L>Execution Time (Seconds)</SCRTEXT_L>
    <DTELMASTER>E</DTELMASTER>
    <DATATYPE>INT4</DATATYPE>
    <LENG>000010</LENG>
    <OUTPUTLEN>000011</OUTPUTLEN>
   </DD04V>
  </asx:values>
 </asx:abap>
</abapGit>
