﻿<?xml version="1.0" encoding="utf-8"?>
<abapGit version="v1.0.0" serializer="LCL_OBJECT_TOBJ" serializer_version="v1.0.0">
 <asx:abap xmlns:asx="http://www.sap.com/abapxml" version="1.0">
  <asx:values>
   <OBJH>
    <OBJECTNAME>ZSDSV_GEN_C</OBJECTNAME>
    <OBJECTTYPE>V</OBJECTTYPE>
    <CLIDEP>X</CLIDEP>
    <OBJCATEG>CUST</OBJCATEG>
    <OBJTRANSP>2</OBJTRANSP>
    <IMPORTABLE>3</IMPORTABLE>
   </OBJH>
   <OBJT>
    <LANGUAGE>E</LANGUAGE>
    <OBJECTNAME>ZSDSV_GEN_C</OBJECTNAME>
    <OBJECTTYPE>V</OBJECTTYPE>
    <DDTEXT>Maintain General Constants (GENC)</DDTEXT>
   </OBJT>
   <OBJS>
    <OBJS>
     <OBJECTNAME>ZSDSV_GEN_C</OBJECTNAME>
     <OBJECTTYPE>V</OBJECTTYPE>
     <TABNAME>ZSDSCAC001</TABNAME>
     <DDIC>X</DDIC>
     <PRIM_TABLE>X</PRIM_TABLE>
    </OBJS>
   </OBJS>
   <TOBJ>
    <TDDAT>
     <TABNAME>ZSDSV_GEN_C</TABNAME>
     <CCLASS>&amp;NC&amp;</CCLASS>
    </TDDAT>
    <TVDIR>
     <TABNAME>ZSDSV_GEN_C</TABNAME>
     <AREA>ZSDSV_GEN_C</AREA>
     <TYPE>1</TYPE>
     <LISTE>0001</LISTE>
    </TVDIR>
    <TVIMF>
     <TVIMF>
      <TABNAME>ZSDSV_GEN_C</TABNAME>
      <EVENT>01</EVENT>
      <FORMNAME>SET_TIMESTAMP</FORMNAME>
     </TVIMF>
    </TVIMF>
   </TOBJ>
  </asx:values>
 </asx:abap>
</abapGit>
