﻿<?xml version="1.0" encoding="utf-8"?>
<abapGit version="v1.0.0" serializer="LCL_OBJECT_DTEL" serializer_version="v1.0.0">
 <asx:abap xmlns:asx="http://www.sap.com/abapxml" version="1.0">
  <asx:values>
   <DD04V>
    <ROLLNAME>ZSDSDE_HTTP_CODE</ROLLNAME>
    <DDLANGUAGE>E</DDLANGUAGE>
    <HEADLEN>20</HEADLEN>
    <SCRLEN1>10</SCRLEN1>
    <SCRLEN2>20</SCRLEN2>
    <SCRLEN3>30</SCRLEN3>
    <DDTEXT>HTTP Return Code</DDTEXT>
    <REPTEXT>HTTP Code</REPTEXT>
    <SCRTEXT_S>HTTP Code</SCRTEXT_S>
    <SCRTEXT_M>HTTP Code</SCRTEXT_M>
    <SCRTEXT_L>HTTP Code</SCRTEXT_L>
    <DTELMASTER>E</DTELMASTER>
    <DATATYPE>INT4</DATATYPE>
    <LENG>000010</LENG>
    <OUTPUTLEN>000011</OUTPUTLEN>
   </DD04V>
  </asx:values>
 </asx:abap>
</abapGit>
