﻿<?xml version="1.0" encoding="utf-8"?>
<abapGit version="v1.0.0" serializer="LCL_OBJECT_PROG" serializer_version="v1.0.0">
 <asx:abap xmlns:asx="http://www.sap.com/abapxml" version="1.0">
  <asx:values>
   <PROGDIR>
    <NAME>ZSDSCAR0010</NAME>
    <SUBC>1</SUBC>
    <RLOAD>E</RLOAD>
    <FIXPT>X</FIXPT>
    <UCCHECK>X</UCCHECK>
   </PROGDIR>
   <TPOOL>
    <item>
     <ID>I</ID>
     <KEY>001</KEY>
     <ENTRY>Selection Criteria</ENTRY>
     <LENGTH>28</LENGTH>
    </item>
    <item>
     <ID>I</ID>
     <KEY>002</KEY>
     <ENTRY>Data Fields</ENTRY>
     <LENGTH>21</LENGTH>
    </item>
    <item>
     <ID>I</ID>
     <KEY>003</KEY>
     <ENTRY>Login Data</ENTRY>
     <LENGTH>20</LENGTH>
    </item>
    <item>
     <ID>I</ID>
     <KEY>995</KEY>
     <ENTRY>Have some error, hang on a moment and try again</ENTRY>
     <LENGTH>94</LENGTH>
    </item>
    <item>
     <ID>I</ID>
     <KEY>996</KEY>
     <ENTRY>server errors</ENTRY>
     <LENGTH>23</LENGTH>
    </item>
    <item>
     <ID>I</ID>
     <KEY>997</KEY>
     <ENTRY>client-request incomplete</ENTRY>
     <LENGTH>50</LENGTH>
    </item>
    <item>
     <ID>I</ID>
     <KEY>998</KEY>
     <ENTRY>redirected; further actions required</ENTRY>
     <LENGTH>72</LENGTH>
    </item>
    <item>
     <ID>I</ID>
     <KEY>999</KEY>
     <ENTRY>Data has been submitted.</ENTRY>
     <LENGTH>48</LENGTH>
    </item>
    <item>
     <ID>I</ID>
     <KEY>E01</KEY>
     <ENTRY>Error</ENTRY>
     <LENGTH>15</LENGTH>
    </item>
    <item>
     <ID>I</ID>
     <KEY>S01</KEY>
     <ENTRY>Success</ENTRY>
     <LENGTH>17</LENGTH>
    </item>
    <item>
     <ID>R</ID>
     <ENTRY>K2 Call Work Flow</ENTRY>
     <LENGTH>17</LENGTH>
    </item>
    <item>
     <ID>S</ID>
     <KEY>P_FORIO</KEY>
     <ENTRY>Folio</ENTRY>
     <LENGTH>13</LENGTH>
    </item>
    <item>
     <ID>S</ID>
     <KEY>P_FOWID</KEY>
     <ENTRY>Flow ID</ENTRY>
     <LENGTH>15</LENGTH>
    </item>
    <item>
     <ID>S</ID>
     <KEY>P_PARA1</KEY>
     <ENTRY>Parameter 1</ENTRY>
     <LENGTH>19</LENGTH>
    </item>
    <item>
     <ID>S</ID>
     <KEY>P_PARA10</KEY>
     <ENTRY>Parameter 10</ENTRY>
     <LENGTH>20</LENGTH>
    </item>
    <item>
     <ID>S</ID>
     <KEY>P_PARA11</KEY>
     <ENTRY>Parameter 11</ENTRY>
     <LENGTH>20</LENGTH>
    </item>
    <item>
     <ID>S</ID>
     <KEY>P_PARA12</KEY>
     <ENTRY>Parameter 12</ENTRY>
     <LENGTH>20</LENGTH>
    </item>
    <item>
     <ID>S</ID>
     <KEY>P_PARA13</KEY>
     <ENTRY>Parameter 13</ENTRY>
     <LENGTH>20</LENGTH>
    </item>
    <item>
     <ID>S</ID>
     <KEY>P_PARA14</KEY>
     <ENTRY>Parameter 14</ENTRY>
     <LENGTH>20</LENGTH>
    </item>
    <item>
     <ID>S</ID>
     <KEY>P_PARA15</KEY>
     <ENTRY>Parameter 15</ENTRY>
     <LENGTH>20</LENGTH>
    </item>
    <item>
     <ID>S</ID>
     <KEY>P_PARA16</KEY>
     <ENTRY>Parameter 16</ENTRY>
     <LENGTH>20</LENGTH>
    </item>
    <item>
     <ID>S</ID>
     <KEY>P_PARA17</KEY>
     <ENTRY>Parameter 17</ENTRY>
     <LENGTH>20</LENGTH>
    </item>
    <item>
     <ID>S</ID>
     <KEY>P_PARA18</KEY>
     <ENTRY>Parameter 18</ENTRY>
     <LENGTH>20</LENGTH>
    </item>
    <item>
     <ID>S</ID>
     <KEY>P_PARA19</KEY>
     <ENTRY>Parameter 19</ENTRY>
     <LENGTH>20</LENGTH>
    </item>
    <item>
     <ID>S</ID>
     <KEY>P_PARA2</KEY>
     <ENTRY>Parameter 2</ENTRY>
     <LENGTH>19</LENGTH>
    </item>
    <item>
     <ID>S</ID>
     <KEY>P_PARA20</KEY>
     <ENTRY>Parameter 20</ENTRY>
     <LENGTH>20</LENGTH>
    </item>
    <item>
     <ID>S</ID>
     <KEY>P_PARA3</KEY>
     <ENTRY>Parameter 3</ENTRY>
     <LENGTH>19</LENGTH>
    </item>
    <item>
     <ID>S</ID>
     <KEY>P_PARA4</KEY>
     <ENTRY>Parameter 4</ENTRY>
     <LENGTH>19</LENGTH>
    </item>
    <item>
     <ID>S</ID>
     <KEY>P_PARA5</KEY>
     <ENTRY>Parameter 5</ENTRY>
     <LENGTH>19</LENGTH>
    </item>
    <item>
     <ID>S</ID>
     <KEY>P_PARA6</KEY>
     <ENTRY>Parameter 6</ENTRY>
     <LENGTH>19</LENGTH>
    </item>
    <item>
     <ID>S</ID>
     <KEY>P_PARA7</KEY>
     <ENTRY>Parameter 7</ENTRY>
     <LENGTH>19</LENGTH>
    </item>
    <item>
     <ID>S</ID>
     <KEY>P_PARA8</KEY>
     <ENTRY>Parameter 8</ENTRY>
     <LENGTH>19</LENGTH>
    </item>
    <item>
     <ID>S</ID>
     <KEY>P_PARA9</KEY>
     <ENTRY>Parameter 9</ENTRY>
     <LENGTH>19</LENGTH>
    </item>
   </TPOOL>
  </asx:values>
 </asx:abap>
</abapGit>
