﻿<?xml version="1.0" encoding="utf-8"?>
<abapGit version="v1.0.0" serializer="LCL_OBJECT_PROG" serializer_version="v1.0.0">
 <asx:abap xmlns:asx="http://www.sap.com/abapxml" version="1.0">
  <asx:values>
   <PROGDIR>
    <NAME>ZSDSCAR0090</NAME>
    <SUBC>1</SUBC>
    <RSTAT>K</RSTAT>
    <RLOAD>E</RLOAD>
    <FIXPT>X</FIXPT>
    <UCCHECK>X</UCCHECK>
   </PROGDIR>
   <DYNPROS>
    <item>
     <HEADER>
      <PROGRAM>ZSDSCAR0090</PROGRAM>
      <SCREEN>9000</SCREEN>
      <LANGUAGE>E</LANGUAGE>
      <DESCRIPT>ALV Screen</DESCRIPT>
      <TYPE>N</TYPE>
      <NEXTSCREEN>9000</NEXTSCREEN>
      <LINES>200</LINES>
      <COLUMNS>252</COLUMNS>
     </HEADER>
     <CONTAINERS>
      <RPY_DYCATT>
       <TYPE>SCREEN</TYPE>
       <NAME>SCREEN</NAME>
      </RPY_DYCATT>
      <RPY_DYCATT>
       <TYPE>CUST_CTRL</TYPE>
       <NAME>CTL_ALV_1</NAME>
       <ELEMENT_OF>SCREEN</ELEMENT_OF>
       <LINE>001</LINE>
       <COLUMN>001</COLUMN>
       <LENGTH>240</LENGTH>
       <HEIGHT>200</HEIGHT>
       <C_RESIZE_V>X</C_RESIZE_V>
       <C_RESIZE_H>X</C_RESIZE_H>
       <C_LINE_MIN>010</C_LINE_MIN>
       <C_COLN_MIN>050</C_COLN_MIN>
      </RPY_DYCATT>
     </CONTAINERS>
     <FIELDS>
      <RPY_DYFATC>
       <CONT_TYPE>SCREEN</CONT_TYPE>
       <CONT_NAME>SCREEN</CONT_NAME>
       <TYPE>OKCODE</TYPE>
       <NAME>GF_OK_CODE_1</NAME>
       <TEXT>____________________</TEXT>
       <LENGTH>020</LENGTH>
       <VISLENGTH>020</VISLENGTH>
       <HEIGHT>001</HEIGHT>
       <FORMAT>CHAR</FORMAT>
       <INPUT_FLD>X</INPUT_FLD>
      </RPY_DYFATC>
     </FIELDS>
     <FLOW_LOGIC>
      <RPY_DYFLOW>
       <LINE>************************************************************************</LINE>
      </RPY_DYFLOW>
      <RPY_DYFLOW>
       <LINE>* PBO</LINE>
      </RPY_DYFLOW>
      <RPY_DYFLOW>
       <LINE>************************************************************************</LINE>
      </RPY_DYFLOW>
      <RPY_DYFLOW>
       <LINE>PROCESS BEFORE OUTPUT.</LINE>
      </RPY_DYFLOW>
      <RPY_DYFLOW>
       <LINE>* Set Screen Status</LINE>
      </RPY_DYFLOW>
      <RPY_DYFLOW>
       <LINE>  MODULE status_alv_1.</LINE>
      </RPY_DYFLOW>
      <RPY_DYFLOW>
       <LINE>* ALV Processing</LINE>
      </RPY_DYFLOW>
      <RPY_DYFLOW>
       <LINE>  MODULE display_alv_1.</LINE>
      </RPY_DYFLOW>
      <RPY_DYFLOW/>
      <RPY_DYFLOW>
       <LINE>************************************************************************</LINE>
      </RPY_DYFLOW>
      <RPY_DYFLOW>
       <LINE>* PAI</LINE>
      </RPY_DYFLOW>
      <RPY_DYFLOW>
       <LINE>************************************************************************</LINE>
      </RPY_DYFLOW>
      <RPY_DYFLOW>
       <LINE>PROCESS AFTER INPUT.</LINE>
      </RPY_DYFLOW>
      <RPY_DYFLOW>
       <LINE>* Exit Command Management</LINE>
      </RPY_DYFLOW>
      <RPY_DYFLOW>
       <LINE>  MODULE exit_commands_1 AT EXIT-COMMAND.</LINE>
      </RPY_DYFLOW>
      <RPY_DYFLOW>
       <LINE>* User Command Management</LINE>
      </RPY_DYFLOW>
      <RPY_DYFLOW>
       <LINE>  MODULE user_command_alv_1.</LINE>
      </RPY_DYFLOW>
     </FLOW_LOGIC>
    </item>
   </DYNPROS>
   <CUA>
    <ADM>
     <ACTCODE>000001</ACTCODE>
     <MENCODE>000001</MENCODE>
     <PFKCODE>000001</PFKCODE>
    </ADM>
    <STA>
     <RSMPE_STAT>
      <CODE>9000</CODE>
      <MODAL>D</MODAL>
      <ACTCODE>000001</ACTCODE>
      <PFKCODE>000001</PFKCODE>
      <BUTCODE>0001</BUTCODE>
      <INT_NOTE>GUI Status for screen 9000</INT_NOTE>
     </RSMPE_STAT>
    </STA>
    <FUN>
     <RSMPE_FUNT>
      <CODE>BACK</CODE>
      <TEXTNO>001</TEXTNO>
      <TYPE>E</TYPE>
      <TEXT_TYPE>S</TEXT_TYPE>
      <FUN_TEXT>Back</FUN_TEXT>
      <PATH>B</PATH>
     </RSMPE_FUNT>
     <RSMPE_FUNT>
      <CODE>CANC</CODE>
      <TEXTNO>001</TEXTNO>
      <TYPE>E</TYPE>
      <TEXT_TYPE>S</TEXT_TYPE>
      <TEXT_NAME>ICON_CANCEL</TEXT_NAME>
      <ICON_ID>@0W@</ICON_ID>
      <FUN_TEXT>Cancel</FUN_TEXT>
     </RSMPE_FUNT>
     <RSMPE_FUNT>
      <CODE>END</CODE>
      <TEXTNO>001</TEXTNO>
      <TYPE>E</TYPE>
      <TEXT_TYPE>S</TEXT_TYPE>
      <FUN_TEXT>Exit</FUN_TEXT>
     </RSMPE_FUNT>
     <RSMPE_FUNT>
      <CODE>SAVE_1</CODE>
      <TEXTNO>001</TEXTNO>
      <TEXT_TYPE>S</TEXT_TYPE>
      <TEXT_NAME>ICON_SYSTEM_SAVE</TEXT_NAME>
      <ICON_ID>@2L@</ICON_ID>
      <FUN_TEXT>Save</FUN_TEXT>
     </RSMPE_FUNT>
    </FUN>
    <MEN>
     <RSMPE_MEN>
      <CODE>000001</CODE>
      <NO>01</NO>
      <REF_TYPE>F</REF_TYPE>
      <REF_CODE>BACK</REF_CODE>
      <REF_NO>001</REF_NO>
     </RSMPE_MEN>
    </MEN>
    <MTX>
     <RSMPE_MNLT>
      <CODE>000001</CODE>
      <TEXT_TYPE>S</TEXT_TYPE>
      <TEXT>Goto</TEXT>
      <PATH>G</PATH>
      <INT_NOTE>Standard Supplement</INT_NOTE>
     </RSMPE_MNLT>
    </MTX>
    <ACT>
     <RSMPE_ACT>
      <CODE>000001</CODE>
      <NO>01</NO>
      <MENUCODE>000001</MENUCODE>
     </RSMPE_ACT>
    </ACT>
    <PFK>
     <RSMPE_PFK>
      <CODE>000001</CODE>
      <PFNO>03</PFNO>
      <FUNCODE>BACK</FUNCODE>
      <FUNNO>001</FUNNO>
     </RSMPE_PFK>
     <RSMPE_PFK>
      <CODE>000001</CODE>
      <PFNO>11</PFNO>
      <FUNCODE>SAVE_1</FUNCODE>
      <FUNNO>001</FUNNO>
     </RSMPE_PFK>
     <RSMPE_PFK>
      <CODE>000001</CODE>
      <PFNO>12</PFNO>
      <FUNCODE>CANC</FUNCODE>
      <FUNNO>001</FUNNO>
     </RSMPE_PFK>
     <RSMPE_PFK>
      <CODE>000001</CODE>
      <PFNO>15</PFNO>
      <FUNCODE>END</FUNCODE>
      <FUNNO>001</FUNNO>
     </RSMPE_PFK>
    </PFK>
    <SET>
     <RSMPE_STAF>
      <STATUS>9000</STATUS>
      <FUNCTION>BACK</FUNCTION>
     </RSMPE_STAF>
     <RSMPE_STAF>
      <STATUS>9000</STATUS>
      <FUNCTION>CANC</FUNCTION>
     </RSMPE_STAF>
     <RSMPE_STAF>
      <STATUS>9000</STATUS>
      <FUNCTION>END</FUNCTION>
     </RSMPE_STAF>
     <RSMPE_STAF>
      <STATUS>9000</STATUS>
      <FUNCTION>PRINT</FUNCTION>
     </RSMPE_STAF>
     <RSMPE_STAF>
      <STATUS>9000</STATUS>
      <FUNCTION>SAVE_1</FUNCTION>
     </RSMPE_STAF>
    </SET>
    <DOC>
     <RSMPE_ATRT>
      <OBJ_TYPE>A</OBJ_TYPE>
      <OBJ_CODE>000001</OBJ_CODE>
      <MODAL>D</MODAL>
      <INT_NOTE>GUI Status for screen 9000</INT_NOTE>
     </RSMPE_ATRT>
     <RSMPE_ATRT>
      <OBJ_TYPE>P</OBJ_TYPE>
      <OBJ_CODE>000001</OBJ_CODE>
      <MODAL>D</MODAL>
      <INT_NOTE>GUI Status for screen 9000</INT_NOTE>
     </RSMPE_ATRT>
     <RSMPE_ATRT>
      <OBJ_TYPE>B</OBJ_TYPE>
      <OBJ_CODE>000001</OBJ_CODE>
      <SUB_CODE>0001</SUB_CODE>
      <MODAL>D</MODAL>
      <INT_NOTE>GUI Status for screen 9000</INT_NOTE>
     </RSMPE_ATRT>
    </DOC>
   </CUA>
   <TPOOL>
    <item>
     <ID>I</ID>
     <KEY>001</KEY>
     <ENTRY>Missing Commu. Language in the file.</ENTRY>
     <LENGTH>72</LENGTH>
    </item>
    <item>
     <ID>I</ID>
     <KEY>003</KEY>
     <ENTRY>Missing BP Number in External System in the file.</ENTRY>
     <LENGTH>98</LENGTH>
    </item>
    <item>
     <ID>I</ID>
     <KEY>004</KEY>
     <ENTRY>Missing Tax Category in the file.</ENTRY>
     <LENGTH>66</LENGTH>
    </item>
    <item>
     <ID>I</ID>
     <KEY>005</KEY>
     <ENTRY>Missing Tax Number in the file.</ENTRY>
     <LENGTH>62</LENGTH>
    </item>
    <item>
     <ID>I</ID>
     <KEY>006</KEY>
     <ENTRY>Missing Transportation Zone in the file.</ENTRY>
     <LENGTH>80</LENGTH>
    </item>
    <item>
     <ID>I</ID>
     <KEY>007</KEY>
     <ENTRY>Missing Branch Code in the file.</ENTRY>
     <LENGTH>64</LENGTH>
    </item>
    <item>
     <ID>I</ID>
     <KEY>008</KEY>
     <ENTRY>Missing Planning Group in the file.</ENTRY>
     <LENGTH>70</LENGTH>
    </item>
    <item>
     <ID>I</ID>
     <KEY>009</KEY>
     <ENTRY>Missing Dunning Procedure in the file.</ENTRY>
     <LENGTH>76</LENGTH>
    </item>
    <item>
     <ID>I</ID>
     <KEY>010</KEY>
     <ENTRY>Missing Account Clerk in the file.</ENTRY>
     <LENGTH>68</LENGTH>
    </item>
    <item>
     <ID>I</ID>
     <KEY>011</KEY>
     <ENTRY>Missing Account Statement in the file.</ENTRY>
     <LENGTH>76</LENGTH>
    </item>
    <item>
     <ID>I</ID>
     <KEY>A01</KEY>
     <ENTRY>Upload Customer General + Company Code View</ENTRY>
     <LENGTH>86</LENGTH>
    </item>
    <item>
     <ID>I</ID>
     <KEY>A02</KEY>
     <ENTRY>Upload Customer Branch code</ENTRY>
     <LENGTH>54</LENGTH>
    </item>
    <item>
     <ID>I</ID>
     <KEY>A03</KEY>
     <ENTRY>Upload Customer Tax and Address</ENTRY>
     <LENGTH>62</LENGTH>
    </item>
    <item>
     <ID>I</ID>
     <KEY>A04</KEY>
     <ENTRY>Upload Customer Email</ENTRY>
     <LENGTH>42</LENGTH>
    </item>
    <item>
     <ID>I</ID>
     <KEY>C01</KEY>
     <ENTRY>Status</ENTRY>
     <LENGTH>16</LENGTH>
    </item>
    <item>
     <ID>I</ID>
     <KEY>C02</KEY>
     <ENTRY>Business Hours</ENTRY>
     <LENGTH>24</LENGTH>
    </item>
    <item>
     <ID>I</ID>
     <KEY>C03</KEY>
     <ENTRY>Note Log</ENTRY>
     <LENGTH>18</LENGTH>
    </item>
    <item>
     <ID>I</ID>
     <KEY>E01</KEY>
     <ENTRY>Invalid BP Role:</ENTRY>
     <LENGTH>26</LENGTH>
    </item>
    <item>
     <ID>I</ID>
     <KEY>E03</KEY>
     <ENTRY>Invalid BP Number:</ENTRY>
     <LENGTH>28</LENGTH>
    </item>
    <item>
     <ID>I</ID>
     <KEY>E04</KEY>
     <ENTRY>Invalid BP Group:</ENTRY>
     <LENGTH>27</LENGTH>
    </item>
    <item>
     <ID>I</ID>
     <KEY>E05</KEY>
     <ENTRY>Invalid BP Category:</ENTRY>
     <LENGTH>40</LENGTH>
    </item>
    <item>
     <ID>I</ID>
     <KEY>E06</KEY>
     <ENTRY>Wrong Date format. Please use format DD.MM.YYYY:</ENTRY>
     <LENGTH>96</LENGTH>
    </item>
    <item>
     <ID>I</ID>
     <KEY>E07</KEY>
     <ENTRY>Invalid Flag value:</ENTRY>
     <LENGTH>29</LENGTH>
    </item>
    <item>
     <ID>I</ID>
     <KEY>E08</KEY>
     <ENTRY>Invalid Address Version:</ENTRY>
     <LENGTH>48</LENGTH>
    </item>
    <item>
     <ID>I</ID>
     <KEY>E09</KEY>
     <ENTRY>Invalid Gender:</ENTRY>
     <LENGTH>25</LENGTH>
    </item>
    <item>
     <ID>I</ID>
     <KEY>E10</KEY>
     <ENTRY>Invalid Company code:</ENTRY>
     <LENGTH>42</LENGTH>
    </item>
    <item>
     <ID>I</ID>
     <KEY>E11</KEY>
     <ENTRY>Invalid GL Account:</ENTRY>
     <LENGTH>29</LENGTH>
    </item>
    <item>
     <ID>I</ID>
     <KEY>E12</KEY>
     <ENTRY>Invalid Customer no.:</ENTRY>
     <LENGTH>42</LENGTH>
    </item>
    <item>
     <ID>I</ID>
     <KEY>E13</KEY>
     <ENTRY>Missing Relationship BP Number in the file</ENTRY>
     <LENGTH>84</LENGTH>
    </item>
    <item>
     <ID>I</ID>
     <KEY>E14</KEY>
     <ENTRY>Missing BP Role in the file.</ENTRY>
     <LENGTH>56</LENGTH>
    </item>
    <item>
     <ID>I</ID>
     <KEY>E15</KEY>
     <ENTRY>Missing BP Group in the file.</ENTRY>
     <LENGTH>58</LENGTH>
    </item>
    <item>
     <ID>I</ID>
     <KEY>E16</KEY>
     <ENTRY>Missing BP Category in the file.</ENTRY>
     <LENGTH>64</LENGTH>
    </item>
    <item>
     <ID>I</ID>
     <KEY>E17</KEY>
     <ENTRY>Missing BP Number in the file.</ENTRY>
     <LENGTH>60</LENGTH>
    </item>
    <item>
     <ID>I</ID>
     <KEY>E18</KEY>
     <ENTRY>Error during update Partner long text.</ENTRY>
     <LENGTH>76</LENGTH>
    </item>
    <item>
     <ID>I</ID>
     <KEY>E19</KEY>
     <ENTRY>Invalid Trading Partner:</ENTRY>
     <LENGTH>48</LENGTH>
    </item>
    <item>
     <ID>I</ID>
     <KEY>E21</KEY>
     <ENTRY>Missing Language in the file.</ENTRY>
     <LENGTH>58</LENGTH>
    </item>
    <item>
     <ID>I</ID>
     <KEY>E27</KEY>
     <ENTRY>Missing Sort Key in the file.</ENTRY>
     <LENGTH>58</LENGTH>
    </item>
    <item>
     <ID>I</ID>
     <KEY>E31</KEY>
     <ENTRY>Missing Purchasing Org. in the file.</ENTRY>
     <LENGTH>72</LENGTH>
    </item>
    <item>
     <ID>I</ID>
     <KEY>E32</KEY>
     <ENTRY>Missing Order Currency in the file.</ENTRY>
     <LENGTH>70</LENGTH>
    </item>
    <item>
     <ID>I</ID>
     <KEY>E33</KEY>
     <ENTRY>Missing Term of Payment in the file.</ENTRY>
     <LENGTH>72</LENGTH>
    </item>
    <item>
     <ID>I</ID>
     <KEY>E34</KEY>
     <ENTRY>BP Category must be organization only.</ENTRY>
     <LENGTH>76</LENGTH>
    </item>
    <item>
     <ID>I</ID>
     <KEY>E35</KEY>
     <ENTRY>Invalid Language:</ENTRY>
     <LENGTH>27</LENGTH>
    </item>
    <item>
     <ID>I</ID>
     <KEY>E44</KEY>
     <ENTRY>Missing Name 1 in the file.</ENTRY>
     <LENGTH>54</LENGTH>
    </item>
    <item>
     <ID>I</ID>
     <KEY>E46</KEY>
     <ENTRY>Missing Street/House number in the file.</ENTRY>
     <LENGTH>80</LENGTH>
    </item>
    <item>
     <ID>I</ID>
     <KEY>E47</KEY>
     <ENTRY>Missing City in the file.</ENTRY>
     <LENGTH>50</LENGTH>
    </item>
    <item>
     <ID>I</ID>
     <KEY>E49</KEY>
     <ENTRY>Missing Country in the file.</ENTRY>
     <LENGTH>56</LENGTH>
    </item>
    <item>
     <ID>I</ID>
     <KEY>E51</KEY>
     <ENTRY>Missing Language in the file.</ENTRY>
     <LENGTH>58</LENGTH>
    </item>
    <item>
     <ID>I</ID>
     <KEY>E54</KEY>
     <ENTRY>Missing Company Code in the file.</ENTRY>
     <LENGTH>66</LENGTH>
    </item>
    <item>
     <ID>I</ID>
     <KEY>E55</KEY>
     <ENTRY>Missing Reconciliation acct. in the file.</ENTRY>
     <LENGTH>82</LENGTH>
    </item>
    <item>
     <ID>I</ID>
     <KEY>E58</KEY>
     <ENTRY>Missing Last name in the file.</ENTRY>
     <LENGTH>60</LENGTH>
    </item>
    <item>
     <ID>I</ID>
     <KEY>E59</KEY>
     <ENTRY>Invalid BP Type:</ENTRY>
     <LENGTH>26</LENGTH>
    </item>
    <item>
     <ID>I</ID>
     <KEY>E80</KEY>
     <ENTRY>BP Role did not yet create for Partner.</ENTRY>
     <LENGTH>78</LENGTH>
    </item>
    <item>
     <ID>I</ID>
     <KEY>E81</KEY>
     <ENTRY>Missing Branch code in the file.</ENTRY>
     <LENGTH>64</LENGTH>
    </item>
    <item>
     <ID>I</ID>
     <KEY>E82</KEY>
     <ENTRY>Cannot find customer code for partner</ENTRY>
     <LENGTH>74</LENGTH>
    </item>
    <item>
     <ID>I</ID>
     <KEY>E86</KEY>
     <ENTRY>Invalid Customer Classification:</ENTRY>
     <LENGTH>64</LENGTH>
    </item>
    <item>
     <ID>I</ID>
     <KEY>E87</KEY>
     <ENTRY>Invalid Industry Code:</ENTRY>
     <LENGTH>44</LENGTH>
    </item>
    <item>
     <ID>I</ID>
     <KEY>E88</KEY>
     <ENTRY>Invalid Payment Terms:</ENTRY>
     <LENGTH>44</LENGTH>
    </item>
    <item>
     <ID>I</ID>
     <KEY>E89</KEY>
     <ENTRY>Missing Bank ID in the file.</ENTRY>
     <LENGTH>56</LENGTH>
    </item>
    <item>
     <ID>I</ID>
     <KEY>E90</KEY>
     <ENTRY>Missing Branch Desc. in the file.</ENTRY>
     <LENGTH>66</LENGTH>
    </item>
    <item>
     <ID>I</ID>
     <KEY>E91</KEY>
     <ENTRY>Missing Previous account no. in the file.</ENTRY>
     <LENGTH>82</LENGTH>
    </item>
    <item>
     <ID>I</ID>
     <KEY>E92</KEY>
     <ENTRY>Missing Business Partner Group in the file.</ENTRY>
     <LENGTH>86</LENGTH>
    </item>
    <item>
     <ID>I</ID>
     <KEY>E93</KEY>
     <ENTRY>Missing BP Role in the file.</ENTRY>
     <LENGTH>56</LENGTH>
    </item>
    <item>
     <ID>I</ID>
     <KEY>E95</KEY>
     <ENTRY>Missing Address 5 in the file.</ENTRY>
     <LENGTH>60</LENGTH>
    </item>
    <item>
     <ID>I</ID>
     <KEY>E96</KEY>
     <ENTRY>Missing District in the file.</ENTRY>
     <LENGTH>58</LENGTH>
    </item>
    <item>
     <ID>I</ID>
     <KEY>E97</KEY>
     <ENTRY>Missing City in the file.</ENTRY>
     <LENGTH>50</LENGTH>
    </item>
    <item>
     <ID>I</ID>
     <KEY>E98</KEY>
     <ENTRY>Missing Postal code in the file.</ENTRY>
     <LENGTH>64</LENGTH>
    </item>
    <item>
     <ID>I</ID>
     <KEY>E99</KEY>
     <ENTRY>Missing Country Code in the file.</ENTRY>
     <LENGTH>66</LENGTH>
    </item>
    <item>
     <ID>I</ID>
     <KEY>H01</KEY>
     <ENTRY>Program:</ENTRY>
     <LENGTH>18</LENGTH>
    </item>
    <item>
     <ID>I</ID>
     <KEY>H02</KEY>
     <ENTRY>Processing Date/Time:</ENTRY>
     <LENGTH>42</LENGTH>
    </item>
    <item>
     <ID>I</ID>
     <KEY>H03</KEY>
     <ENTRY>System/Client:</ENTRY>
     <LENGTH>24</LENGTH>
    </item>
    <item>
     <ID>I</ID>
     <KEY>H04</KEY>
     <ENTRY>Process By:</ENTRY>
     <LENGTH>21</LENGTH>
    </item>
    <item>
     <ID>I</ID>
     <KEY>H05</KEY>
     <ENTRY>Total Records:</ENTRY>
     <LENGTH>24</LENGTH>
    </item>
    <item>
     <ID>I</ID>
     <KEY>H06</KEY>
     <ENTRY>Success Records:</ENTRY>
     <LENGTH>26</LENGTH>
    </item>
    <item>
     <ID>I</ID>
     <KEY>H07</KEY>
     <ENTRY>Failed Records:</ENTRY>
     <LENGTH>25</LENGTH>
    </item>
    <item>
     <ID>I</ID>
     <KEY>H08</KEY>
     <ENTRY>Test Run</ENTRY>
     <LENGTH>18</LENGTH>
    </item>
    <item>
     <ID>I</ID>
     <KEY>H09</KEY>
     <ENTRY>Real Run</ENTRY>
     <LENGTH>18</LENGTH>
    </item>
    <item>
     <ID>I</ID>
     <KEY>I01</KEY>
     <ENTRY>Test upload successfully.</ENTRY>
     <LENGTH>50</LENGTH>
    </item>
    <item>
     <ID>I</ID>
     <KEY>I02</KEY>
     <ENTRY>Business Partner data has been created successfully.</ENTRY>
     <LENGTH>104</LENGTH>
    </item>
    <item>
     <ID>I</ID>
     <KEY>I03</KEY>
     <ENTRY>Business Partner data has been updated successfully.</ENTRY>
     <LENGTH>104</LENGTH>
    </item>
    <item>
     <ID>I</ID>
     <KEY>P01</KEY>
     <ENTRY>Reading Input file. . .</ENTRY>
     <LENGTH>46</LENGTH>
    </item>
    <item>
     <ID>I</ID>
     <KEY>P02</KEY>
     <ENTRY>Validating file data. . .</ENTRY>
     <LENGTH>50</LENGTH>
    </item>
    <item>
     <ID>I</ID>
     <KEY>P03</KEY>
     <ENTRY>Uploading file data. . .</ENTRY>
     <LENGTH>48</LENGTH>
    </item>
    <item>
     <ID>I</ID>
     <KEY>P99</KEY>
     <ENTRY>Generating ALV Report . . .</ENTRY>
     <LENGTH>54</LENGTH>
    </item>
    <item>
     <ID>I</ID>
     <KEY>S00</KEY>
     <ENTRY>Mode</ENTRY>
     <LENGTH>14</LENGTH>
    </item>
    <item>
     <ID>I</ID>
     <KEY>S01</KEY>
     <ENTRY>Vendor/Customer</ENTRY>
     <LENGTH>25</LENGTH>
    </item>
    <item>
     <ID>I</ID>
     <KEY>S02</KEY>
     <ENTRY>BP Master (General view, Comp code View)</ENTRY>
     <LENGTH>80</LENGTH>
    </item>
    <item>
     <ID>I</ID>
     <KEY>S03</KEY>
     <ENTRY>BP Role: FLVN01 (Purchasing View)</ENTRY>
     <LENGTH>66</LENGTH>
    </item>
    <item>
     <ID>I</ID>
     <KEY>S04</KEY>
     <ENTRY>BP Master (General view, Comp code View)</ENTRY>
     <LENGTH>80</LENGTH>
    </item>
    <item>
     <ID>I</ID>
     <KEY>S05</KEY>
     <ENTRY>Branch code</ENTRY>
     <LENGTH>21</LENGTH>
    </item>
    <item>
     <ID>I</ID>
     <KEY>S06</KEY>
     <ENTRY>Address Type for Tax Address data</ENTRY>
     <LENGTH>66</LENGTH>
    </item>
    <item>
     <ID>I</ID>
     <KEY>S07</KEY>
     <ENTRY>E-mail Address data</ENTRY>
     <LENGTH>29</LENGTH>
    </item>
    <item>
     <ID>I</ID>
     <KEY>S08</KEY>
     <ENTRY>Start Row</ENTRY>
     <LENGTH>19</LENGTH>
    </item>
    <item>
     <ID>I</ID>
     <KEY>S09</KEY>
     <ENTRY>Start Column</ENTRY>
     <LENGTH>22</LENGTH>
    </item>
    <item>
     <ID>I</ID>
     <KEY>S10</KEY>
     <ENTRY>End Row</ENTRY>
     <LENGTH>17</LENGTH>
    </item>
    <item>
     <ID>I</ID>
     <KEY>S11</KEY>
     <ENTRY>End Column</ENTRY>
     <LENGTH>20</LENGTH>
    </item>
    <item>
     <ID>I</ID>
     <KEY>S12</KEY>
     <ENTRY>Contact Person Relationships</ENTRY>
     <LENGTH>56</LENGTH>
    </item>
    <item>
     <ID>I</ID>
     <KEY>T03</KEY>
     <ENTRY>Require Extend Company Code</ENTRY>
     <LENGTH>54</LENGTH>
    </item>
    <item>
     <ID>R</ID>
     <ENTRY>Upload BP master for HR Type</ENTRY>
     <LENGTH>28</LENGTH>
    </item>
    <item>
     <ID>S</ID>
     <KEY>CB_TEST</KEY>
     <ENTRY>Test Run</ENTRY>
     <LENGTH>17</LENGTH>
    </item>
    <item>
     <ID>S</ID>
     <KEY>P_BEGCOL</KEY>
     <ENTRY>Begin Column</ENTRY>
     <LENGTH>20</LENGTH>
    </item>
    <item>
     <ID>S</ID>
     <KEY>P_BEGROW</KEY>
     <ENTRY>Begin Row</ENTRY>
     <LENGTH>17</LENGTH>
    </item>
    <item>
     <ID>S</ID>
     <KEY>P_ENDCOL</KEY>
     <ENTRY>End Column</ENTRY>
     <LENGTH>18</LENGTH>
    </item>
    <item>
     <ID>S</ID>
     <KEY>P_ENDROW</KEY>
     <ENTRY>End Row</ENTRY>
     <LENGTH>15</LENGTH>
    </item>
    <item>
     <ID>S</ID>
     <KEY>P_FILE</KEY>
     <ENTRY>File Path</ENTRY>
     <LENGTH>17</LENGTH>
    </item>
    <item>
     <ID>S</ID>
     <KEY>RB_CHG</KEY>
     <ENTRY>Change</ENTRY>
     <LENGTH>14</LENGTH>
    </item>
    <item>
     <ID>S</ID>
     <KEY>RB_CRE</KEY>
     <ENTRY>Create</ENTRY>
     <LENGTH>14</LENGTH>
    </item>
    <item>
     <ID>S</ID>
     <KEY>RB_TMP11</KEY>
     <ENTRY>.</ENTRY>
     <LENGTH>9</LENGTH>
     <SPLIT>D</SPLIT>
    </item>
    <item>
     <ID>S</ID>
     <KEY>RB_TMP12</KEY>
     <ENTRY>.</ENTRY>
     <LENGTH>9</LENGTH>
     <SPLIT>D</SPLIT>
    </item>
    <item>
     <ID>S</ID>
     <KEY>RB_TMP13</KEY>
     <ENTRY>Indicator</ENTRY>
     <LENGTH>17</LENGTH>
    </item>
    <item>
     <ID>S</ID>
     <KEY>RB_TMP21</KEY>
     <ENTRY>.</ENTRY>
     <LENGTH>9</LENGTH>
     <SPLIT>D</SPLIT>
    </item>
    <item>
     <ID>S</ID>
     <KEY>RB_TMP22</KEY>
     <ENTRY>.</ENTRY>
     <LENGTH>9</LENGTH>
     <SPLIT>D</SPLIT>
    </item>
    <item>
     <ID>S</ID>
     <KEY>RB_TMP23</KEY>
     <ENTRY>.</ENTRY>
     <LENGTH>9</LENGTH>
     <SPLIT>D</SPLIT>
    </item>
    <item>
     <ID>S</ID>
     <KEY>RB_TMP24</KEY>
     <ENTRY>.</ENTRY>
     <LENGTH>9</LENGTH>
     <SPLIT>D</SPLIT>
    </item>
    <item>
     <ID>S</ID>
     <KEY>RB_TYPE1</KEY>
     <ENTRY>Vendor</ENTRY>
     <LENGTH>14</LENGTH>
    </item>
    <item>
     <ID>S</ID>
     <KEY>RB_TYPE2</KEY>
     <ENTRY>Customer</ENTRY>
     <LENGTH>16</LENGTH>
    </item>
   </TPOOL>
  </asx:values>
 </asx:abap>
</abapGit>
