﻿<?xml version="1.0" encoding="utf-8"?>
<abapGit version="v1.0.0" serializer="LCL_OBJECT_SHLP" serializer_version="v1.0.0">
 <asx:abap xmlns:asx="http://www.sap.com/abapxml" version="1.0">
  <asx:values>
   <DD30V>
    <SHLPNAME>ZSDSH_INTFNO</SHLPNAME>
    <DDLANGUAGE>E</DDLANGUAGE>
    <DDTEXT>Search Help for REST Interface no</DDTEXT>
    <ISSIMPLE>X</ISSIMPLE>
    <SELMETHOD>ZSDSCAC005</SELMETHOD>
    <SELMTYPE>T</SELMTYPE>
    <DIALOGTYPE>D</DIALOGTYPE>
    <FUZZY_SIMILARITY>0.8</FUZZY_SIMILARITY>
   </DD30V>
   <DD32P_TABLE>
    <DD32P>
     <SHLPNAME>ZSDSH_INTFNO</SHLPNAME>
     <FIELDNAME>INTFNO</FIELDNAME>
     <FLPOSITION>0001</FLPOSITION>
     <ROLLNAME>ZSDSDE_INTFNO</ROLLNAME>
     <SHLPINPUT>X</SHLPINPUT>
     <SHLPOUTPUT>X</SHLPOUTPUT>
     <SHLPLISPOS>01</SHLPLISPOS>
     <SCRLEN3>30</SCRLEN3>
    </DD32P>
    <DD32P>
     <SHLPNAME>ZSDSH_INTFNO</SHLPNAME>
     <FIELDNAME>DESCP</FIELDNAME>
     <FLPOSITION>0002</FLPOSITION>
     <ROLLNAME>ZSDSDE_INTF_DESCP</ROLLNAME>
     <SHLPINPUT>X</SHLPINPUT>
     <SHLPLISPOS>02</SHLPLISPOS>
     <SCRLEN3>30</SCRLEN3>
    </DD32P>
    <DD32P>
     <SHLPNAME>ZSDSH_INTFNO</SHLPNAME>
     <FIELDNAME>INTTY</FIELDNAME>
     <FLPOSITION>0003</FLPOSITION>
     <ROLLNAME>ZSDSDE_INTTY</ROLLNAME>
     <SHLPINPUT>X</SHLPINPUT>
     <SHLPLISPOS>03</SHLPLISPOS>
     <SCRLEN3>30</SCRLEN3>
    </DD32P>
    <DD32P>
     <SHLPNAME>ZSDSH_INTFNO</SHLPNAME>
     <FIELDNAME>ZDEL_FLG</FIELDNAME>
     <FLPOSITION>0004</FLPOSITION>
     <ROLLNAME>ZDSDE_DELFLG</ROLLNAME>
     <DEFAULTVAL>&apos; &apos;</DEFAULTVAL>
     <DEFAULTTYP>L</DEFAULTTYP>
     <SCRLEN3>40</SCRLEN3>
    </DD32P>
   </DD32P_TABLE>
  </asx:values>
 </asx:abap>
</abapGit>
