﻿<?xml version="1.0" encoding="utf-8"?>
<abapGit version="v1.0.0" serializer="LCL_OBJECT_FUGR" serializer_version="v1.0.0">
 <asx:abap xmlns:asx="http://www.sap.com/abapxml" version="1.0">
  <asx:values>
   <AREAT>Conversion</AREAT>
   <INCLUDES>
    <SOBJ_NAME>LZSDSCA03F01</SOBJ_NAME>
    <SOBJ_NAME>LZSDSCA03TOP</SOBJ_NAME>
    <SOBJ_NAME>SAPLZSDSCA03</SOBJ_NAME>
   </INCLUDES>
   <FUNCTIONS>
    <item>
     <FUNCNAME>Z_SDSCA_EXCEL_TO_ITAB</FUNCNAME>
     <SHORT_TEXT>Convert Excel to Internal Table</SHORT_TEXT>
     <IMPORT>
      <RSIMP>
       <PARAMETER>FILENAME</PARAMETER>
       <REFERENCE>X</REFERENCE>
       <TYP>STRING</TYP>
      </RSIMP>
      <RSIMP>
       <PARAMETER>I_BEGIN_COL</PARAMETER>
       <REFERENCE>X</REFERENCE>
       <TYP>I</TYP>
      </RSIMP>
      <RSIMP>
       <PARAMETER>I_BEGIN_ROW</PARAMETER>
       <REFERENCE>X</REFERENCE>
       <TYP>I</TYP>
      </RSIMP>
      <RSIMP>
       <PARAMETER>I_END_COL</PARAMETER>
       <REFERENCE>X</REFERENCE>
       <TYP>I</TYP>
      </RSIMP>
      <RSIMP>
       <PARAMETER>I_END_ROW</PARAMETER>
       <REFERENCE>X</REFERENCE>
       <TYP>I</TYP>
      </RSIMP>
     </IMPORT>
     <TABLES>
      <RSTBL>
       <PARAMETER>INTERN</PARAMETER>
       <DBSTRUCT>ZSDSCAS016</DBSTRUCT>
      </RSTBL>
     </TABLES>
     <EXCEPTION>
      <RSEXC>
       <EXCEPTION>INCONSISTENT_PARAMETERS</EXCEPTION>
      </RSEXC>
      <RSEXC>
       <EXCEPTION>UPLOAD_OLE</EXCEPTION>
      </RSEXC>
     </EXCEPTION>
     <DOCUMENTATION>
      <RSFDO>
       <PARAMETER>FILENAME</PARAMETER>
       <KIND>P</KIND>
      </RSFDO>
      <RSFDO>
       <PARAMETER>I_BEGIN_COL</PARAMETER>
       <KIND>P</KIND>
      </RSFDO>
      <RSFDO>
       <PARAMETER>I_BEGIN_ROW</PARAMETER>
       <KIND>P</KIND>
      </RSFDO>
      <RSFDO>
       <PARAMETER>I_END_COL</PARAMETER>
       <KIND>P</KIND>
      </RSFDO>
      <RSFDO>
       <PARAMETER>I_END_ROW</PARAMETER>
       <KIND>P</KIND>
      </RSFDO>
      <RSFDO>
       <PARAMETER>INTERN</PARAMETER>
       <KIND>P</KIND>
       <STEXT>Rows for Table with Excel Data</STEXT>
      </RSFDO>
      <RSFDO>
       <PARAMETER>INCONSISTENT_PARAMETERS</PARAMETER>
       <KIND>X</KIND>
      </RSFDO>
      <RSFDO>
       <PARAMETER>UPLOAD_OLE</PARAMETER>
       <KIND>X</KIND>
      </RSFDO>
     </DOCUMENTATION>
    </item>
   </FUNCTIONS>
  </asx:values>
 </asx:abap>
</abapGit>
