﻿<?xml version="1.0" encoding="utf-8"?>
<abapGit version="v1.0.0" serializer="LCL_OBJECT_VIEW" serializer_version="v1.0.0">
 <asx:abap xmlns:asx="http://www.sap.com/abapxml" version="1.0">
  <asx:values>
   <DD25V>
    <VIEWNAME>ZSDSV_FILE_INTF</VIEWNAME>
    <AS4LOCAL>A</AS4LOCAL>
    <DDLANGUAGE>E</DDLANGUAGE>
    <AGGTYPE>V</AGGTYPE>
    <ROOTTAB>ZSDSCAC004</ROOTTAB>
    <DDTEXT>SDS: File Interface</DDTEXT>
    <VIEWCLASS>C</VIEWCLASS>
    <CUSTOMAUTH>C</CUSTOMAUTH>
    <GLOBALFLAG>X</GLOBALFLAG>
   </DD25V>
   <DD26V_TABLE>
    <DD26V>
     <VIEWNAME>ZSDSV_FILE_INTF</VIEWNAME>
     <TABNAME>ZSDSCAC004</TABNAME>
     <TABPOS>0001</TABPOS>
     <FORTABNAME>ZSDSCAC004</FORTABNAME>
    </DD26V>
   </DD26V_TABLE>
   <DD27P_TABLE>
    <DD27P>
     <VIEWFIELD>MANDT</VIEWFIELD>
     <TABNAME>ZSDSCAC004</TABNAME>
     <FIELDNAME>MANDT</FIELDNAME>
     <KEYFLAG>X</KEYFLAG>
    </DD27P>
    <DD27P>
     <VIEWFIELD>INTFNO</VIEWFIELD>
     <TABNAME>ZSDSCAC004</TABNAME>
     <FIELDNAME>INTFNO</FIELDNAME>
     <KEYFLAG>X</KEYFLAG>
     <RDONLY>S</RDONLY>
     <SHLPORIGIN>D</SHLPORIGIN>
     <SHLPNAME>ZSDSH_FILE_INTFNO</SHLPNAME>
     <SHLPFIELD>INTFNO</SHLPFIELD>
    </DD27P>
    <DD27P>
     <VIEWFIELD>SYSID</VIEWFIELD>
     <TABNAME>ZSDSCAC004</TABNAME>
     <FIELDNAME>SYSID</FIELDNAME>
     <KEYFLAG>X</KEYFLAG>
    </DD27P>
    <DD27P>
     <VIEWFIELD>DESCP</VIEWFIELD>
     <TABNAME>ZSDSCAC004</TABNAME>
     <FIELDNAME>DESCP</FIELDNAME>
    </DD27P>
    <DD27P>
     <VIEWFIELD>PATHINTERN</VIEWFIELD>
     <TABNAME>ZSDSCAC004</TABNAME>
     <FIELDNAME>PATHINTERN</FIELDNAME>
     <CHECKTABLE>FILEPATH</CHECKTABLE>
     <SHLPORIGIN>P</SHLPORIGIN>
    </DD27P>
    <DD27P>
     <VIEWFIELD>INOUT_FLAG</VIEWFIELD>
     <TABNAME>ZSDSCAC004</TABNAME>
     <FIELDNAME>INOUT_FLAG</FIELDNAME>
     <SHLPORIGIN>F</SHLPORIGIN>
     <VALEXI>X</VALEXI>
    </DD27P>
    <DD27P>
     <VIEWFIELD>SYSNAME</VIEWFIELD>
     <TABNAME>ZSDSCAC004</TABNAME>
     <FIELDNAME>SYSNAME</FIELDNAME>
    </DD27P>
    <DD27P>
     <VIEWFIELD>WRICEF</VIEWFIELD>
     <TABNAME>ZSDSCAC004</TABNAME>
     <FIELDNAME>WRICEF</FIELDNAME>
    </DD27P>
    <DD27P>
     <VIEWFIELD>AUTOSUBFOLDER</VIEWFIELD>
     <TABNAME>ZSDSCAC004</TABNAME>
     <FIELDNAME>AUTOSUBFOLDER</FIELDNAME>
     <SHLPORIGIN>F</SHLPORIGIN>
     <VALEXI>X</VALEXI>
    </DD27P>
    <DD27P>
     <VIEWFIELD>ZDEL_FLG</VIEWFIELD>
     <TABNAME>ZSDSCAC004</TABNAME>
     <FIELDNAME>ZDEL_FLG</FIELDNAME>
     <SHLPORIGIN>F</SHLPORIGIN>
     <VALEXI>X</VALEXI>
    </DD27P>
    <DD27P>
     <VIEWFIELD>ZCRT_DATE</VIEWFIELD>
     <TABNAME>ZSDSCAC004</TABNAME>
     <FIELDNAME>ZCRT_DATE</FIELDNAME>
     <RDONLY>R</RDONLY>
     <SHLPORIGIN>T</SHLPORIGIN>
    </DD27P>
    <DD27P>
     <VIEWFIELD>ZCRT_TIME</VIEWFIELD>
     <TABNAME>ZSDSCAC004</TABNAME>
     <FIELDNAME>ZCRT_TIME</FIELDNAME>
     <RDONLY>R</RDONLY>
     <SHLPORIGIN>T</SHLPORIGIN>
    </DD27P>
    <DD27P>
     <VIEWFIELD>ZCRT_USER</VIEWFIELD>
     <TABNAME>ZSDSCAC004</TABNAME>
     <FIELDNAME>ZCRT_USER</FIELDNAME>
     <RDONLY>R</RDONLY>
    </DD27P>
    <DD27P>
     <VIEWFIELD>ZCRT_PGM</VIEWFIELD>
     <TABNAME>ZSDSCAC004</TABNAME>
     <FIELDNAME>ZCRT_PGM</FIELDNAME>
     <RDONLY>R</RDONLY>
    </DD27P>
    <DD27P>
     <VIEWFIELD>ZUPD_DATE</VIEWFIELD>
     <TABNAME>ZSDSCAC004</TABNAME>
     <FIELDNAME>ZUPD_DATE</FIELDNAME>
     <RDONLY>R</RDONLY>
     <SHLPORIGIN>T</SHLPORIGIN>
    </DD27P>
    <DD27P>
     <VIEWFIELD>ZUPD_TIME</VIEWFIELD>
     <TABNAME>ZSDSCAC004</TABNAME>
     <FIELDNAME>ZUPD_TIME</FIELDNAME>
     <RDONLY>R</RDONLY>
     <SHLPORIGIN>T</SHLPORIGIN>
    </DD27P>
    <DD27P>
     <VIEWFIELD>ZUPD_USER</VIEWFIELD>
     <TABNAME>ZSDSCAC004</TABNAME>
     <FIELDNAME>ZUPD_USER</FIELDNAME>
     <RDONLY>R</RDONLY>
    </DD27P>
    <DD27P>
     <VIEWFIELD>ZUPD_PGM</VIEWFIELD>
     <TABNAME>ZSDSCAC004</TABNAME>
     <FIELDNAME>ZUPD_PGM</FIELDNAME>
     <RDONLY>R</RDONLY>
    </DD27P>
   </DD27P_TABLE>
  </asx:values>
 </asx:abap>
</abapGit>
