﻿<?xml version="1.0" encoding="utf-8"?>
<abapGit version="v1.0.0" serializer="LCL_OBJECT_VIEW" serializer_version="v1.0.0">
 <asx:abap xmlns:asx="http://www.sap.com/abapxml" version="1.0">
  <asx:values>
   <DD25V>
    <VIEWNAME>ZSDSV_GEN_C</VIEWNAME>
    <AS4LOCAL>A</AS4LOCAL>
    <DDLANGUAGE>E</DDLANGUAGE>
    <AGGTYPE>V</AGGTYPE>
    <ROOTTAB>ZSDSCAC001</ROOTTAB>
    <DDTEXT>Maintain General Constants (GENC)</DDTEXT>
    <VIEWCLASS>C</VIEWCLASS>
    <CUSTOMAUTH>C</CUSTOMAUTH>
    <GLOBALFLAG>X</GLOBALFLAG>
   </DD25V>
   <DD26V_TABLE>
    <DD26V>
     <VIEWNAME>ZSDSV_GEN_C</VIEWNAME>
     <TABNAME>ZSDSCAC001</TABNAME>
     <TABPOS>0001</TABPOS>
     <FORTABNAME>ZSDSCAC001</FORTABNAME>
    </DD26V>
   </DD26V_TABLE>
   <DD27P_TABLE>
    <DD27P>
     <VIEWFIELD>MANDT</VIEWFIELD>
     <TABNAME>ZSDSCAC001</TABNAME>
     <FIELDNAME>MANDT</FIELDNAME>
     <KEYFLAG>X</KEYFLAG>
    </DD27P>
    <DD27P>
     <VIEWFIELD>REPID</VIEWFIELD>
     <TABNAME>ZSDSCAC001</TABNAME>
     <FIELDNAME>REPID</FIELDNAME>
     <KEYFLAG>X</KEYFLAG>
     <RDONLY>S</RDONLY>
    </DD27P>
    <DD27P>
     <VIEWFIELD>PARAM</VIEWFIELD>
     <TABNAME>ZSDSCAC001</TABNAME>
     <FIELDNAME>PARAM</FIELDNAME>
     <KEYFLAG>X</KEYFLAG>
    </DD27P>
    <DD27P>
     <VIEWFIELD>PARAM_EXT</VIEWFIELD>
     <TABNAME>ZSDSCAC001</TABNAME>
     <FIELDNAME>PARAM_EXT</FIELDNAME>
     <KEYFLAG>X</KEYFLAG>
    </DD27P>
    <DD27P>
     <VIEWFIELD>SEQUENCE</VIEWFIELD>
     <TABNAME>ZSDSCAC001</TABNAME>
     <FIELDNAME>SEQUENCE</FIELDNAME>
     <KEYFLAG>X</KEYFLAG>
    </DD27P>
    <DD27P>
     <VIEWFIELD>PARAM_SIGN</VIEWFIELD>
     <TABNAME>ZSDSCAC001</TABNAME>
     <FIELDNAME>PARAM_SIGN</FIELDNAME>
     <SHLPORIGIN>F</SHLPORIGIN>
     <VALEXI>X</VALEXI>
    </DD27P>
    <DD27P>
     <VIEWFIELD>PARAM_OPTION</VIEWFIELD>
     <TABNAME>ZSDSCAC001</TABNAME>
     <FIELDNAME>PARAM_OPTION</FIELDNAME>
     <SHLPORIGIN>F</SHLPORIGIN>
     <VALEXI>X</VALEXI>
    </DD27P>
    <DD27P>
     <VIEWFIELD>VALUE_LOW</VIEWFIELD>
     <TABNAME>ZSDSCAC001</TABNAME>
     <FIELDNAME>VALUE_LOW</FIELDNAME>
    </DD27P>
    <DD27P>
     <VIEWFIELD>VALUE_HIGH</VIEWFIELD>
     <TABNAME>ZSDSCAC001</TABNAME>
     <FIELDNAME>VALUE_HIGH</FIELDNAME>
    </DD27P>
    <DD27P>
     <VIEWFIELD>VDESC</VIEWFIELD>
     <TABNAME>ZSDSCAC001</TABNAME>
     <FIELDNAME>VDESC</FIELDNAME>
    </DD27P>
    <DD27P>
     <VIEWFIELD>ZDEL_FLG</VIEWFIELD>
     <TABNAME>ZSDSCAC001</TABNAME>
     <FIELDNAME>ZDEL_FLG</FIELDNAME>
     <SHLPORIGIN>F</SHLPORIGIN>
     <VALEXI>X</VALEXI>
    </DD27P>
    <DD27P>
     <VIEWFIELD>ZCRT_DATE</VIEWFIELD>
     <TABNAME>ZSDSCAC001</TABNAME>
     <FIELDNAME>ZCRT_DATE</FIELDNAME>
     <RDONLY>R</RDONLY>
     <SHLPORIGIN>T</SHLPORIGIN>
    </DD27P>
    <DD27P>
     <VIEWFIELD>ZCRT_TIME</VIEWFIELD>
     <TABNAME>ZSDSCAC001</TABNAME>
     <FIELDNAME>ZCRT_TIME</FIELDNAME>
     <RDONLY>R</RDONLY>
     <SHLPORIGIN>T</SHLPORIGIN>
    </DD27P>
    <DD27P>
     <VIEWFIELD>ZCRT_USER</VIEWFIELD>
     <TABNAME>ZSDSCAC001</TABNAME>
     <FIELDNAME>ZCRT_USER</FIELDNAME>
     <RDONLY>R</RDONLY>
    </DD27P>
    <DD27P>
     <VIEWFIELD>ZCRT_PGM</VIEWFIELD>
     <TABNAME>ZSDSCAC001</TABNAME>
     <FIELDNAME>ZCRT_PGM</FIELDNAME>
     <RDONLY>R</RDONLY>
    </DD27P>
    <DD27P>
     <VIEWFIELD>ZUPD_DATE</VIEWFIELD>
     <TABNAME>ZSDSCAC001</TABNAME>
     <FIELDNAME>ZUPD_DATE</FIELDNAME>
     <RDONLY>R</RDONLY>
     <SHLPORIGIN>T</SHLPORIGIN>
    </DD27P>
    <DD27P>
     <VIEWFIELD>ZUPD_TIME</VIEWFIELD>
     <TABNAME>ZSDSCAC001</TABNAME>
     <FIELDNAME>ZUPD_TIME</FIELDNAME>
     <RDONLY>R</RDONLY>
     <SHLPORIGIN>T</SHLPORIGIN>
    </DD27P>
    <DD27P>
     <VIEWFIELD>ZUPD_USER</VIEWFIELD>
     <TABNAME>ZSDSCAC001</TABNAME>
     <FIELDNAME>ZUPD_USER</FIELDNAME>
     <RDONLY>R</RDONLY>
    </DD27P>
    <DD27P>
     <VIEWFIELD>ZUPD_PGM</VIEWFIELD>
     <TABNAME>ZSDSCAC001</TABNAME>
     <FIELDNAME>ZUPD_PGM</FIELDNAME>
     <RDONLY>R</RDONLY>
    </DD27P>
   </DD27P_TABLE>
  </asx:values>
 </asx:abap>
</abapGit>
