﻿<?xml version="1.0" encoding="utf-8"?>
<abapGit version="v1.0.0" serializer="LCL_OBJECT_DTEL" serializer_version="v1.0.0">
 <asx:abap xmlns:asx="http://www.sap.com/abapxml" version="1.0">
  <asx:values>
   <DD04V>
    <ROLLNAME>ZSDSDE_VALUE</ROLLNAME>
    <DDLANGUAGE>E</DDLANGUAGE>
    <DOMNAME>CHAR_40</DOMNAME>
    <HEADLEN>40</HEADLEN>
    <SCRLEN1>10</SCRLEN1>
    <SCRLEN2>17</SCRLEN2>
    <SCRLEN3>20</SCRLEN3>
    <DDTEXT>Value of constant</DDTEXT>
    <REPTEXT>Value of constant</REPTEXT>
    <SCRTEXT_S>Value</SCRTEXT_S>
    <SCRTEXT_M>Value of constant</SCRTEXT_M>
    <SCRTEXT_L>Value of constant</SCRTEXT_L>
    <DTELMASTER>E</DTELMASTER>
    <REFKIND>D</REFKIND>
   </DD04V>
  </asx:values>
 </asx:abap>
</abapGit>
