﻿<?xml version="1.0" encoding="utf-8"?>
<abapGit version="v1.0.0" serializer="LCL_OBJECT_DTEL" serializer_version="v1.0.0">
 <asx:abap xmlns:asx="http://www.sap.com/abapxml" version="1.0">
  <asx:values>
   <DD04V>
    <ROLLNAME>ZSDSDE_TRANSFORM</ROLLNAME>
    <DDLANGUAGE>E</DDLANGUAGE>
    <DOMNAME>CHAR40</DOMNAME>
    <MEMORYID>XSLTNAME</MEMORYID>
    <HEADLEN>20</HEADLEN>
    <SCRLEN1>10</SCRLEN1>
    <SCRLEN2>20</SCRLEN2>
    <SCRLEN3>30</SCRLEN3>
    <DDTEXT>XSLT Transformation</DDTEXT>
    <REPTEXT>Transformation</REPTEXT>
    <SCRTEXT_S>Transform</SCRTEXT_S>
    <SCRTEXT_M>Transformation</SCRTEXT_M>
    <SCRTEXT_L>Transformation</SCRTEXT_L>
    <DTELMASTER>E</DTELMASTER>
    <SHLPNAME>O2XSLTNAME</SHLPNAME>
    <SHLPFIELD>XSLTDESC</SHLPFIELD>
    <REFKIND>D</REFKIND>
   </DD04V>
  </asx:values>
 </asx:abap>
</abapGit>
