﻿<?xml version="1.0" encoding="utf-8"?>
<abapGit version="v1.0.0" serializer="LCL_OBJECT_DTEL" serializer_version="v1.0.0">
 <asx:abap xmlns:asx="http://www.sap.com/abapxml" version="1.0">
  <asx:values>
   <DD04V>
    <ROLLNAME>ZSDSDE_BUDGET_TOTAL</ROLLNAME>
    <DDLANGUAGE>E</DDLANGUAGE>
    <HEADLEN>30</HEADLEN>
    <SCRLEN1>10</SCRLEN1>
    <SCRLEN2>20</SCRLEN2>
    <SCRLEN3>40</SCRLEN3>
    <DDTEXT>Total Budget</DDTEXT>
    <REPTEXT>Total budget</REPTEXT>
    <SCRTEXT_S>Total budg</SCRTEXT_S>
    <SCRTEXT_M>Total budget</SCRTEXT_M>
    <SCRTEXT_L>Total budget</SCRTEXT_L>
    <DTELMASTER>E</DTELMASTER>
    <DATATYPE>CURR</DATATYPE>
    <LENG>000023</LENG>
    <DECIMALS>000002</DECIMALS>
    <OUTPUTLEN>000030</OUTPUTLEN>
   </DD04V>
  </asx:values>
 </asx:abap>
</abapGit>
