﻿<?xml version="1.0" encoding="utf-8"?>
<abapGit version="v1.0.0" serializer="LCL_OBJECT_DTEL" serializer_version="v1.0.0">
 <asx:abap xmlns:asx="http://www.sap.com/abapxml" version="1.0">
  <asx:values>
   <DD04V>
    <ROLLNAME>ZSDSDE_HTML_ERROR</ROLLNAME>
    <DDLANGUAGE>E</DDLANGUAGE>
    <HEADLEN>20</HEADLEN>
    <SCRLEN1>10</SCRLEN1>
    <SCRLEN2>20</SCRLEN2>
    <SCRLEN3>30</SCRLEN3>
    <DDTEXT>HTML Error</DDTEXT>
    <REPTEXT>HTML Error</REPTEXT>
    <SCRTEXT_S>HTML Error</SCRTEXT_S>
    <SCRTEXT_M>HTML Error</SCRTEXT_M>
    <SCRTEXT_L>HTML Error</SCRTEXT_L>
    <DTELMASTER>E</DTELMASTER>
    <DATATYPE>STRG</DATATYPE>
   </DD04V>
  </asx:values>
 </asx:abap>
</abapGit>
