﻿<?xml version="1.0" encoding="utf-8"?>
<abapGit version="v1.0.0" serializer="LCL_OBJECT_DTEL" serializer_version="v1.0.0">
 <asx:abap xmlns:asx="http://www.sap.com/abapxml" version="1.0">
  <asx:values>
   <DD04V>
    <ROLLNAME>ZSDSDE_ASSET_NAME</ROLLNAME>
    <DDLANGUAGE>E</DDLANGUAGE>
    <HEADLEN>55</HEADLEN>
    <SCRLEN1>10</SCRLEN1>
    <SCRLEN2>20</SCRLEN2>
    <SCRLEN3>40</SCRLEN3>
    <DDTEXT>Asset Name</DDTEXT>
    <REPTEXT>Asset Name</REPTEXT>
    <SCRTEXT_S>Asset Name</SCRTEXT_S>
    <SCRTEXT_M>Asset Name</SCRTEXT_M>
    <SCRTEXT_L>Asset Name</SCRTEXT_L>
    <DTELMASTER>E</DTELMASTER>
    <DATATYPE>CHAR</DATATYPE>
    <LENG>000070</LENG>
    <OUTPUTLEN>000070</OUTPUTLEN>
   </DD04V>
  </asx:values>
 </asx:abap>
</abapGit>
