﻿<?xml version="1.0" encoding="utf-8"?>
<abapGit version="v1.0.0" serializer="LCL_OBJECT_SHI3" serializer_version="v1.0.0">
 <asx:abap xmlns:asx="http://www.sap.com/abapxml" version="1.0">
  <asx:values>
   <TREE_HEAD>
    <ID>ZSDS_MAIN</ID>
    <TYPE>BMENU</TYPE>
    <NODE_ID>ZSDS_MAIN_T</NODE_ID>
    <MASTERLANG>E</MASTERLANG>
    <BUFFERMODE>1</BUFFERMODE>
    <BUFFERVAR>NRT</BUFFERVAR>
   </TREE_HEAD>
   <TREE_TITLES>
    <TTREET>
     <SPRAS>E</SPRAS>
     <ID>ZSDS_MAIN</ID>
     <TEXT>SDS Customized Menu</TEXT>
     <TEXT_CAP>SDS CUSTOMIZED MENU</TEXT_CAP>
    </TTREET>
   </TREE_TITLES>
   <TREE_NODES>
    <HIER_IFACE>
     <NODE_ID>ZSDS_MAIN_T</NODE_ID>
     <NODE_TYPE>NULL</NODE_TYPE>
     <NODE_LEVEL>01</NODE_LEVEL>
     <TREE_ID>ZSDS_MAIN</TREE_ID>
     <FORCE_PLUS>X</FORCE_PLUS>
    </HIER_IFACE>
    <HIER_IFACE>
     <NODE_ID>BD258535B9BE1EDFA7AFAA0421189FDC</NODE_ID>
     <NODE_TYPE>NULL</NODE_TYPE>
     <NODE_LEVEL>02</NODE_LEVEL>
     <PARENT_ID>ZSDS_MAIN_T</PARENT_ID>
     <TREE_ID>ZSDS_MAIN</TREE_ID>
     <FORCE_PLUS>X</FORCE_PLUS>
    </HIER_IFACE>
    <HIER_IFACE>
     <NODE_ID>BD258535B9BE1EDFA7AFB1E0026B9FDC</NODE_ID>
     <NODE_TYPE>TCOD</NODE_TYPE>
     <NODE_LEVEL>03</NODE_LEVEL>
     <PARENT_ID>BD258535B9BE1EDFA7AFAA0421189FDC</PARENT_ID>
     <TREE_ID>ZSDS_MAIN</TREE_ID>
    </HIER_IFACE>
    <HIER_IFACE>
     <NODE_ID>BD258535B9BE1EDFA7AFB1E0026BBFDC</NODE_ID>
     <NODE_TYPE>TCOD</NODE_TYPE>
     <NODE_LEVEL>03</NODE_LEVEL>
     <PARENT_ID>BD258535B9BE1EDFA7AFAA0421189FDC</PARENT_ID>
     <BROTHER_ID>BD258535B9BE1EDFA7AFB1E0026B9FDC</BROTHER_ID>
     <TREE_ID>ZSDS_MAIN</TREE_ID>
    </HIER_IFACE>
    <HIER_IFACE>
     <NODE_ID>BD258535B9BE1EDFA7AFB1E0026BDFDC</NODE_ID>
     <NODE_TYPE>TCOD</NODE_TYPE>
     <NODE_LEVEL>03</NODE_LEVEL>
     <PARENT_ID>BD258535B9BE1EDFA7AFAA0421189FDC</PARENT_ID>
     <BROTHER_ID>BD258535B9BE1EDFA7AFB1E0026BBFDC</BROTHER_ID>
     <TREE_ID>ZSDS_MAIN</TREE_ID>
    </HIER_IFACE>
    <HIER_IFACE>
     <NODE_ID>BD258535B9BE1EDFA7AFB1E0026BFFDC</NODE_ID>
     <NODE_TYPE>TCOD</NODE_TYPE>
     <NODE_LEVEL>03</NODE_LEVEL>
     <PARENT_ID>BD258535B9BE1EDFA7AFAA0421189FDC</PARENT_ID>
     <BROTHER_ID>BD258535B9BE1EDFA7AFB1E0026BDFDC</BROTHER_ID>
     <TREE_ID>ZSDS_MAIN</TREE_ID>
    </HIER_IFACE>
    <HIER_IFACE>
     <NODE_ID>BD258535B9BE1EDFA7AFB1E0026C1FDC</NODE_ID>
     <NODE_TYPE>TCOD</NODE_TYPE>
     <NODE_LEVEL>03</NODE_LEVEL>
     <PARENT_ID>BD258535B9BE1EDFA7AFAA0421189FDC</PARENT_ID>
     <BROTHER_ID>BD258535B9BE1EDFA7AFB1E0026BFFDC</BROTHER_ID>
     <TREE_ID>ZSDS_MAIN</TREE_ID>
    </HIER_IFACE>
    <HIER_IFACE>
     <NODE_ID>BD258535B9BE1EDFA7AFAA042118BFDC</NODE_ID>
     <NODE_TYPE>NULL</NODE_TYPE>
     <NODE_LEVEL>02</NODE_LEVEL>
     <PARENT_ID>ZSDS_MAIN_T</PARENT_ID>
     <BROTHER_ID>BD258535B9BE1EDFA7AFAA0421189FDC</BROTHER_ID>
     <TREE_ID>ZSDS_MAIN</TREE_ID>
     <FORCE_PLUS>X</FORCE_PLUS>
    </HIER_IFACE>
    <HIER_IFACE>
     <NODE_ID>BD258535B9BE1EDFA7AFB50B22267FDC</NODE_ID>
     <NODE_TYPE>TCOD</NODE_TYPE>
     <NODE_LEVEL>03</NODE_LEVEL>
     <PARENT_ID>BD258535B9BE1EDFA7AFAA042118BFDC</PARENT_ID>
     <TREE_ID>ZSDS_MAIN</TREE_ID>
    </HIER_IFACE>
    <HIER_IFACE>
     <NODE_ID>BD258535B9BE1EDFA7AFB50B22269FDC</NODE_ID>
     <NODE_TYPE>TCOD</NODE_TYPE>
     <NODE_LEVEL>03</NODE_LEVEL>
     <PARENT_ID>BD258535B9BE1EDFA7AFAA042118BFDC</PARENT_ID>
     <BROTHER_ID>BD258535B9BE1EDFA7AFB50B22267FDC</BROTHER_ID>
     <TREE_ID>ZSDS_MAIN</TREE_ID>
    </HIER_IFACE>
    <HIER_IFACE>
     <NODE_ID>BD258535B9BE1EDFA7AFB50B2226BFDC</NODE_ID>
     <NODE_TYPE>TCOD</NODE_TYPE>
     <NODE_LEVEL>03</NODE_LEVEL>
     <PARENT_ID>BD258535B9BE1EDFA7AFAA042118BFDC</PARENT_ID>
     <BROTHER_ID>BD258535B9BE1EDFA7AFB50B22269FDC</BROTHER_ID>
     <TREE_ID>ZSDS_MAIN</TREE_ID>
    </HIER_IFACE>
    <HIER_IFACE>
     <NODE_ID>BD258535B9BE1EDFA7AFB50B2226DFDC</NODE_ID>
     <NODE_TYPE>TCOD</NODE_TYPE>
     <NODE_LEVEL>03</NODE_LEVEL>
     <PARENT_ID>BD258535B9BE1EDFA7AFAA042118BFDC</PARENT_ID>
     <BROTHER_ID>BD258535B9BE1EDFA7AFB50B2226BFDC</BROTHER_ID>
     <TREE_ID>ZSDS_MAIN</TREE_ID>
    </HIER_IFACE>
    <HIER_IFACE>
     <NODE_ID>BD258535B9BE1EDFA7AFB50B2226FFDC</NODE_ID>
     <NODE_TYPE>TCOD</NODE_TYPE>
     <NODE_LEVEL>03</NODE_LEVEL>
     <PARENT_ID>BD258535B9BE1EDFA7AFAA042118BFDC</PARENT_ID>
     <BROTHER_ID>BD258535B9BE1EDFA7AFB50B2226DFDC</BROTHER_ID>
     <TREE_ID>ZSDS_MAIN</TREE_ID>
    </HIER_IFACE>
    <HIER_IFACE>
     <NODE_ID>BD258535B9BE1EDFA7AFAA042118DFDC</NODE_ID>
     <NODE_TYPE>NULL</NODE_TYPE>
     <NODE_LEVEL>02</NODE_LEVEL>
     <PARENT_ID>ZSDS_MAIN_T</PARENT_ID>
     <BROTHER_ID>BD258535B9BE1EDFA7AFAA042118BFDC</BROTHER_ID>
     <TREE_ID>ZSDS_MAIN</TREE_ID>
    </HIER_IFACE>
    <HIER_IFACE>
     <NODE_ID>BD258535B9BE1EDFA7AFAA042118FFDC</NODE_ID>
     <NODE_TYPE>NULL</NODE_TYPE>
     <NODE_LEVEL>02</NODE_LEVEL>
     <PARENT_ID>ZSDS_MAIN_T</PARENT_ID>
     <BROTHER_ID>BD258535B9BE1EDFA7AFAA042118DFDC</BROTHER_ID>
     <TREE_ID>ZSDS_MAIN</TREE_ID>
    </HIER_IFACE>
    <HIER_IFACE>
     <NODE_ID>BD258535B9BE1EDFA7AFAA0421191FDC</NODE_ID>
     <NODE_TYPE>NULL</NODE_TYPE>
     <NODE_LEVEL>02</NODE_LEVEL>
     <PARENT_ID>ZSDS_MAIN_T</PARENT_ID>
     <BROTHER_ID>BD258535B9BE1EDFA7AFAA042118FFDC</BROTHER_ID>
     <TREE_ID>ZSDS_MAIN</TREE_ID>
    </HIER_IFACE>
    <HIER_IFACE>
     <NODE_ID>BD258535B9BE1EDFA7AFAA0421193FDC</NODE_ID>
     <NODE_TYPE>NULL</NODE_TYPE>
     <NODE_LEVEL>02</NODE_LEVEL>
     <PARENT_ID>ZSDS_MAIN_T</PARENT_ID>
     <BROTHER_ID>BD258535B9BE1EDFA7AFAA0421191FDC</BROTHER_ID>
     <TREE_ID>ZSDS_MAIN</TREE_ID>
    </HIER_IFACE>
    <HIER_IFACE>
     <NODE_ID>BD258535B9BE1EDFA7AFAA0421195FDC</NODE_ID>
     <NODE_TYPE>NULL</NODE_TYPE>
     <NODE_LEVEL>02</NODE_LEVEL>
     <PARENT_ID>ZSDS_MAIN_T</PARENT_ID>
     <BROTHER_ID>BD258535B9BE1EDFA7AFAA0421193FDC</BROTHER_ID>
     <TREE_ID>ZSDS_MAIN</TREE_ID>
     <FORCE_PLUS>X</FORCE_PLUS>
    </HIER_IFACE>
    <HIER_IFACE>
     <NODE_ID>BD258535B9BE1EDFA7AFBD2B70A49FDC</NODE_ID>
     <NODE_TYPE>TCOD</NODE_TYPE>
     <NODE_LEVEL>03</NODE_LEVEL>
     <PARENT_ID>BD258535B9BE1EDFA7AFAA0421195FDC</PARENT_ID>
     <TREE_ID>ZSDS_MAIN</TREE_ID>
    </HIER_IFACE>
    <HIER_IFACE>
     <NODE_ID>BD258535B9BE1EDFA7AFBD2B70A4BFDC</NODE_ID>
     <NODE_TYPE>TCOD</NODE_TYPE>
     <NODE_LEVEL>03</NODE_LEVEL>
     <PARENT_ID>BD258535B9BE1EDFA7AFAA0421195FDC</PARENT_ID>
     <BROTHER_ID>BD258535B9BE1EDFA7AFBD2B70A49FDC</BROTHER_ID>
     <TREE_ID>ZSDS_MAIN</TREE_ID>
    </HIER_IFACE>
    <HIER_IFACE>
     <NODE_ID>BD258535B9BE1EDFA7AFBD2B70A4DFDC</NODE_ID>
     <NODE_TYPE>TCOD</NODE_TYPE>
     <NODE_LEVEL>03</NODE_LEVEL>
     <PARENT_ID>BD258535B9BE1EDFA7AFAA0421195FDC</PARENT_ID>
     <BROTHER_ID>BD258535B9BE1EDFA7AFBD2B70A4BFDC</BROTHER_ID>
     <TREE_ID>ZSDS_MAIN</TREE_ID>
    </HIER_IFACE>
    <HIER_IFACE>
     <NODE_ID>BD258535B9BE1EDFA7AFBD2B70A4FFDC</NODE_ID>
     <NODE_TYPE>TCOD</NODE_TYPE>
     <NODE_LEVEL>03</NODE_LEVEL>
     <PARENT_ID>BD258535B9BE1EDFA7AFAA0421195FDC</PARENT_ID>
     <BROTHER_ID>BD258535B9BE1EDFA7AFBD2B70A4DFDC</BROTHER_ID>
     <TREE_ID>ZSDS_MAIN</TREE_ID>
    </HIER_IFACE>
    <HIER_IFACE>
     <NODE_ID>BD258535B9BE1EDFA7AFBD2B70A51FDC</NODE_ID>
     <NODE_TYPE>TCOD</NODE_TYPE>
     <NODE_LEVEL>03</NODE_LEVEL>
     <PARENT_ID>BD258535B9BE1EDFA7AFAA0421195FDC</PARENT_ID>
     <BROTHER_ID>BD258535B9BE1EDFA7AFBD2B70A4FFDC</BROTHER_ID>
     <TREE_ID>ZSDS_MAIN</TREE_ID>
    </HIER_IFACE>
    <HIER_IFACE>
     <NODE_ID>BD258535B9BE1EDFA7AFBD2B70A53FDC</NODE_ID>
     <NODE_TYPE>TCOD</NODE_TYPE>
     <NODE_LEVEL>03</NODE_LEVEL>
     <PARENT_ID>BD258535B9BE1EDFA7AFAA0421195FDC</PARENT_ID>
     <BROTHER_ID>BD258535B9BE1EDFA7AFBD2B70A51FDC</BROTHER_ID>
     <TREE_ID>ZSDS_MAIN</TREE_ID>
    </HIER_IFACE>
    <HIER_IFACE>
     <NODE_ID>BD258535B9BE1EDFA7AFBD2B70A55FDC</NODE_ID>
     <NODE_TYPE>TCOD</NODE_TYPE>
     <NODE_LEVEL>03</NODE_LEVEL>
     <PARENT_ID>BD258535B9BE1EDFA7AFAA0421195FDC</PARENT_ID>
     <BROTHER_ID>BD258535B9BE1EDFA7AFBD2B70A53FDC</BROTHER_ID>
     <TREE_ID>ZSDS_MAIN</TREE_ID>
    </HIER_IFACE>
    <HIER_IFACE>
     <NODE_ID>BD258535B9BE1EDFA7AFBD2B70A57FDC</NODE_ID>
     <NODE_TYPE>TCOD</NODE_TYPE>
     <NODE_LEVEL>03</NODE_LEVEL>
     <PARENT_ID>BD258535B9BE1EDFA7AFAA0421195FDC</PARENT_ID>
     <BROTHER_ID>BD258535B9BE1EDFA7AFBD2B70A55FDC</BROTHER_ID>
     <TREE_ID>ZSDS_MAIN</TREE_ID>
    </HIER_IFACE>
    <HIER_IFACE>
     <NODE_ID>BD258535B9BE1EDFA7AFBD2B70A59FDC</NODE_ID>
     <NODE_TYPE>TCOD</NODE_TYPE>
     <NODE_LEVEL>03</NODE_LEVEL>
     <PARENT_ID>BD258535B9BE1EDFA7AFAA0421195FDC</PARENT_ID>
     <BROTHER_ID>BD258535B9BE1EDFA7AFBD2B70A57FDC</BROTHER_ID>
     <TREE_ID>ZSDS_MAIN</TREE_ID>
    </HIER_IFACE>
    <HIER_IFACE>
     <NODE_ID>BD258535B9BE1EDFA7AFBD2B70A5BFDC</NODE_ID>
     <NODE_TYPE>TCOD</NODE_TYPE>
     <NODE_LEVEL>03</NODE_LEVEL>
     <PARENT_ID>BD258535B9BE1EDFA7AFAA0421195FDC</PARENT_ID>
     <BROTHER_ID>BD258535B9BE1EDFA7AFBD2B70A59FDC</BROTHER_ID>
     <TREE_ID>ZSDS_MAIN</TREE_ID>
    </HIER_IFACE>
    <HIER_IFACE>
     <NODE_ID>BD258535B9BE1EDFA7AFBD2B70A5DFDC</NODE_ID>
     <NODE_TYPE>TCOD</NODE_TYPE>
     <NODE_LEVEL>03</NODE_LEVEL>
     <PARENT_ID>BD258535B9BE1EDFA7AFAA0421195FDC</PARENT_ID>
     <BROTHER_ID>BD258535B9BE1EDFA7AFBD2B70A5BFDC</BROTHER_ID>
     <TREE_ID>ZSDS_MAIN</TREE_ID>
    </HIER_IFACE>
    <HIER_IFACE>
     <NODE_ID>BD258535B9BE1EDFA7AFBD2B70A5FFDC</NODE_ID>
     <NODE_TYPE>TCOD</NODE_TYPE>
     <NODE_LEVEL>03</NODE_LEVEL>
     <PARENT_ID>BD258535B9BE1EDFA7AFAA0421195FDC</PARENT_ID>
     <BROTHER_ID>BD258535B9BE1EDFA7AFBD2B70A5DFDC</BROTHER_ID>
     <TREE_ID>ZSDS_MAIN</TREE_ID>
    </HIER_IFACE>
    <HIER_IFACE>
     <NODE_ID>BD258535B9BE1EDFA7AFBD2B70A61FDC</NODE_ID>
     <NODE_TYPE>TCOD</NODE_TYPE>
     <NODE_LEVEL>03</NODE_LEVEL>
     <PARENT_ID>BD258535B9BE1EDFA7AFAA0421195FDC</PARENT_ID>
     <BROTHER_ID>BD258535B9BE1EDFA7AFBD2B70A5FFDC</BROTHER_ID>
     <TREE_ID>ZSDS_MAIN</TREE_ID>
    </HIER_IFACE>
    <HIER_IFACE>
     <NODE_ID>BD258535B9BE1EDFA7AFBD2B70A63FDC</NODE_ID>
     <NODE_TYPE>TCOD</NODE_TYPE>
     <NODE_LEVEL>03</NODE_LEVEL>
     <PARENT_ID>BD258535B9BE1EDFA7AFAA0421195FDC</PARENT_ID>
     <BROTHER_ID>BD258535B9BE1EDFA7AFBD2B70A61FDC</BROTHER_ID>
     <TREE_ID>ZSDS_MAIN</TREE_ID>
    </HIER_IFACE>
    <HIER_IFACE>
     <NODE_ID>BD258535B9BE1EDFA7AFBD2B70A65FDC</NODE_ID>
     <NODE_TYPE>TCOD</NODE_TYPE>
     <NODE_LEVEL>03</NODE_LEVEL>
     <PARENT_ID>BD258535B9BE1EDFA7AFAA0421195FDC</PARENT_ID>
     <BROTHER_ID>BD258535B9BE1EDFA7AFBD2B70A63FDC</BROTHER_ID>
     <TREE_ID>ZSDS_MAIN</TREE_ID>
    </HIER_IFACE>
    <HIER_IFACE>
     <NODE_ID>BD258535B9BE1EDFA7AFBD2B70A67FDC</NODE_ID>
     <NODE_TYPE>TCOD</NODE_TYPE>
     <NODE_LEVEL>03</NODE_LEVEL>
     <PARENT_ID>BD258535B9BE1EDFA7AFAA0421195FDC</PARENT_ID>
     <BROTHER_ID>BD258535B9BE1EDFA7AFBD2B70A65FDC</BROTHER_ID>
     <TREE_ID>ZSDS_MAIN</TREE_ID>
    </HIER_IFACE>
    <HIER_IFACE>
     <NODE_ID>BD258535B9BE1EDFA7AFBD2B70A69FDC</NODE_ID>
     <NODE_TYPE>TCOD</NODE_TYPE>
     <NODE_LEVEL>03</NODE_LEVEL>
     <PARENT_ID>BD258535B9BE1EDFA7AFAA0421195FDC</PARENT_ID>
     <BROTHER_ID>BD258535B9BE1EDFA7AFBD2B70A67FDC</BROTHER_ID>
     <TREE_ID>ZSDS_MAIN</TREE_ID>
    </HIER_IFACE>
    <HIER_IFACE>
     <NODE_ID>BD258535B9BE1EDFA7AFBD2B70A6BFDC</NODE_ID>
     <NODE_TYPE>TCOD</NODE_TYPE>
     <NODE_LEVEL>03</NODE_LEVEL>
     <PARENT_ID>BD258535B9BE1EDFA7AFAA0421195FDC</PARENT_ID>
     <BROTHER_ID>BD258535B9BE1EDFA7AFBD2B70A69FDC</BROTHER_ID>
     <TREE_ID>ZSDS_MAIN</TREE_ID>
    </HIER_IFACE>
    <HIER_IFACE>
     <NODE_ID>BD258535B9BE1EDFA7AFBD2B70A6DFDC</NODE_ID>
     <NODE_TYPE>TCOD</NODE_TYPE>
     <NODE_LEVEL>03</NODE_LEVEL>
     <PARENT_ID>BD258535B9BE1EDFA7AFAA0421195FDC</PARENT_ID>
     <BROTHER_ID>BD258535B9BE1EDFA7AFBD2B70A6BFDC</BROTHER_ID>
     <TREE_ID>ZSDS_MAIN</TREE_ID>
    </HIER_IFACE>
    <HIER_IFACE>
     <NODE_ID>BD258535B9BE1EDFA7AFBD2B70A6FFDC</NODE_ID>
     <NODE_TYPE>TCOD</NODE_TYPE>
     <NODE_LEVEL>03</NODE_LEVEL>
     <PARENT_ID>BD258535B9BE1EDFA7AFAA0421195FDC</PARENT_ID>
     <BROTHER_ID>BD258535B9BE1EDFA7AFBD2B70A6DFDC</BROTHER_ID>
     <TREE_ID>ZSDS_MAIN</TREE_ID>
    </HIER_IFACE>
    <HIER_IFACE>
     <NODE_ID>BD258535B9BE1EDFA7AFBD2B70A71FDC</NODE_ID>
     <NODE_TYPE>TCOD</NODE_TYPE>
     <NODE_LEVEL>03</NODE_LEVEL>
     <PARENT_ID>BD258535B9BE1EDFA7AFAA0421195FDC</PARENT_ID>
     <BROTHER_ID>BD258535B9BE1EDFA7AFBD2B70A6FFDC</BROTHER_ID>
     <TREE_ID>ZSDS_MAIN</TREE_ID>
    </HIER_IFACE>
    <HIER_IFACE>
     <NODE_ID>BD258535B9BE1EDFA7AFBD2B70A73FDC</NODE_ID>
     <NODE_TYPE>TCOD</NODE_TYPE>
     <NODE_LEVEL>03</NODE_LEVEL>
     <PARENT_ID>BD258535B9BE1EDFA7AFAA0421195FDC</PARENT_ID>
     <BROTHER_ID>BD258535B9BE1EDFA7AFBD2B70A71FDC</BROTHER_ID>
     <TREE_ID>ZSDS_MAIN</TREE_ID>
    </HIER_IFACE>
    <HIER_IFACE>
     <NODE_ID>BD258535B9BE1EDFA7AFBD2B70A75FDC</NODE_ID>
     <NODE_TYPE>TCOD</NODE_TYPE>
     <NODE_LEVEL>03</NODE_LEVEL>
     <PARENT_ID>BD258535B9BE1EDFA7AFAA0421195FDC</PARENT_ID>
     <BROTHER_ID>BD258535B9BE1EDFA7AFBD2B70A73FDC</BROTHER_ID>
     <TREE_ID>ZSDS_MAIN</TREE_ID>
    </HIER_IFACE>
    <HIER_IFACE>
     <NODE_ID>BD258535B9BE1EDFA7AFBD2B70A77FDC</NODE_ID>
     <NODE_TYPE>TCOD</NODE_TYPE>
     <NODE_LEVEL>03</NODE_LEVEL>
     <PARENT_ID>BD258535B9BE1EDFA7AFAA0421195FDC</PARENT_ID>
     <BROTHER_ID>BD258535B9BE1EDFA7AFBD2B70A75FDC</BROTHER_ID>
     <TREE_ID>ZSDS_MAIN</TREE_ID>
    </HIER_IFACE>
    <HIER_IFACE>
     <NODE_ID>BD258535B9BE1EDFA7AFBD2B70A79FDC</NODE_ID>
     <NODE_TYPE>TCOD</NODE_TYPE>
     <NODE_LEVEL>03</NODE_LEVEL>
     <PARENT_ID>BD258535B9BE1EDFA7AFAA0421195FDC</PARENT_ID>
     <BROTHER_ID>BD258535B9BE1EDFA7AFBD2B70A77FDC</BROTHER_ID>
     <TREE_ID>ZSDS_MAIN</TREE_ID>
    </HIER_IFACE>
    <HIER_IFACE>
     <NODE_ID>BD258535B9BE1EDFA7AFBD2B70A7BFDC</NODE_ID>
     <NODE_TYPE>TCOD</NODE_TYPE>
     <NODE_LEVEL>03</NODE_LEVEL>
     <PARENT_ID>BD258535B9BE1EDFA7AFAA0421195FDC</PARENT_ID>
     <BROTHER_ID>BD258535B9BE1EDFA7AFBD2B70A79FDC</BROTHER_ID>
     <TREE_ID>ZSDS_MAIN</TREE_ID>
    </HIER_IFACE>
    <HIER_IFACE>
     <NODE_ID>BD258535B9BE1EDFA7AFBD2B70A7DFDC</NODE_ID>
     <NODE_TYPE>TCOD</NODE_TYPE>
     <NODE_LEVEL>03</NODE_LEVEL>
     <PARENT_ID>BD258535B9BE1EDFA7AFAA0421195FDC</PARENT_ID>
     <BROTHER_ID>BD258535B9BE1EDFA7AFBD2B70A7BFDC</BROTHER_ID>
     <TREE_ID>ZSDS_MAIN</TREE_ID>
    </HIER_IFACE>
    <HIER_IFACE>
     <NODE_ID>BD258535B9BE1EDFA7AFBD2B70A7FFDC</NODE_ID>
     <NODE_TYPE>TCOD</NODE_TYPE>
     <NODE_LEVEL>03</NODE_LEVEL>
     <PARENT_ID>BD258535B9BE1EDFA7AFAA0421195FDC</PARENT_ID>
     <BROTHER_ID>BD258535B9BE1EDFA7AFBD2B70A7DFDC</BROTHER_ID>
     <TREE_ID>ZSDS_MAIN</TREE_ID>
    </HIER_IFACE>
    <HIER_IFACE>
     <NODE_ID>BD258535B9BE1EDFA7AFBD2B70A81FDC</NODE_ID>
     <NODE_TYPE>TCOD</NODE_TYPE>
     <NODE_LEVEL>03</NODE_LEVEL>
     <PARENT_ID>BD258535B9BE1EDFA7AFAA0421195FDC</PARENT_ID>
     <BROTHER_ID>BD258535B9BE1EDFA7AFBD2B70A7FFDC</BROTHER_ID>
     <TREE_ID>ZSDS_MAIN</TREE_ID>
    </HIER_IFACE>
    <HIER_IFACE>
     <NODE_ID>BD258535B9BE1EDFA7AFBD2B70A83FDC</NODE_ID>
     <NODE_TYPE>TCOD</NODE_TYPE>
     <NODE_LEVEL>03</NODE_LEVEL>
     <PARENT_ID>BD258535B9BE1EDFA7AFAA0421195FDC</PARENT_ID>
     <BROTHER_ID>BD258535B9BE1EDFA7AFBD2B70A81FDC</BROTHER_ID>
     <TREE_ID>ZSDS_MAIN</TREE_ID>
    </HIER_IFACE>
    <HIER_IFACE>
     <NODE_ID>BD258535B9BE1EDFA7AFBD2B70A85FDC</NODE_ID>
     <NODE_TYPE>TCOD</NODE_TYPE>
     <NODE_LEVEL>03</NODE_LEVEL>
     <PARENT_ID>BD258535B9BE1EDFA7AFAA0421195FDC</PARENT_ID>
     <BROTHER_ID>BD258535B9BE1EDFA7AFBD2B70A83FDC</BROTHER_ID>
     <TREE_ID>ZSDS_MAIN</TREE_ID>
    </HIER_IFACE>
    <HIER_IFACE>
     <NODE_ID>BD258535B9BE1EDFA7AFBD2B70A87FDC</NODE_ID>
     <NODE_TYPE>TCOD</NODE_TYPE>
     <NODE_LEVEL>03</NODE_LEVEL>
     <PARENT_ID>BD258535B9BE1EDFA7AFAA0421195FDC</PARENT_ID>
     <BROTHER_ID>BD258535B9BE1EDFA7AFBD2B70A85FDC</BROTHER_ID>
     <TREE_ID>ZSDS_MAIN</TREE_ID>
    </HIER_IFACE>
    <HIER_IFACE>
     <NODE_ID>BD258535B9BE1EDFA7AFBD2B70A89FDC</NODE_ID>
     <NODE_TYPE>TCOD</NODE_TYPE>
     <NODE_LEVEL>03</NODE_LEVEL>
     <PARENT_ID>BD258535B9BE1EDFA7AFAA0421195FDC</PARENT_ID>
     <BROTHER_ID>BD258535B9BE1EDFA7AFBD2B70A87FDC</BROTHER_ID>
     <TREE_ID>ZSDS_MAIN</TREE_ID>
    </HIER_IFACE>
    <HIER_IFACE>
     <NODE_ID>BD258535B9BE1EDFA7AFBD2B70A8BFDC</NODE_ID>
     <NODE_TYPE>TCOD</NODE_TYPE>
     <NODE_LEVEL>03</NODE_LEVEL>
     <PARENT_ID>BD258535B9BE1EDFA7AFAA0421195FDC</PARENT_ID>
     <BROTHER_ID>BD258535B9BE1EDFA7AFBD2B70A89FDC</BROTHER_ID>
     <TREE_ID>ZSDS_MAIN</TREE_ID>
    </HIER_IFACE>
    <HIER_IFACE>
     <NODE_ID>BD258535B9BE1EDFA7AFBD2B70A8DFDC</NODE_ID>
     <NODE_TYPE>TCOD</NODE_TYPE>
     <NODE_LEVEL>03</NODE_LEVEL>
     <PARENT_ID>BD258535B9BE1EDFA7AFAA0421195FDC</PARENT_ID>
     <BROTHER_ID>BD258535B9BE1EDFA7AFBD2B70A8BFDC</BROTHER_ID>
     <TREE_ID>ZSDS_MAIN</TREE_ID>
    </HIER_IFACE>
    <HIER_IFACE>
     <NODE_ID>BD258535B9BE1EDFA7AFBD2B70A8FFDC</NODE_ID>
     <NODE_TYPE>TCOD</NODE_TYPE>
     <NODE_LEVEL>03</NODE_LEVEL>
     <PARENT_ID>BD258535B9BE1EDFA7AFAA0421195FDC</PARENT_ID>
     <BROTHER_ID>BD258535B9BE1EDFA7AFBD2B70A8DFDC</BROTHER_ID>
     <TREE_ID>ZSDS_MAIN</TREE_ID>
    </HIER_IFACE>
    <HIER_IFACE>
     <NODE_ID>BD258535B9BE1EDFA7AFBD2B70A91FDC</NODE_ID>
     <NODE_TYPE>TCOD</NODE_TYPE>
     <NODE_LEVEL>03</NODE_LEVEL>
     <PARENT_ID>BD258535B9BE1EDFA7AFAA0421195FDC</PARENT_ID>
     <BROTHER_ID>BD258535B9BE1EDFA7AFBD2B70A8FFDC</BROTHER_ID>
     <TREE_ID>ZSDS_MAIN</TREE_ID>
    </HIER_IFACE>
    <HIER_IFACE>
     <NODE_ID>BD258535B9BE1EDFA7AFBD2B70A93FDC</NODE_ID>
     <NODE_TYPE>TCOD</NODE_TYPE>
     <NODE_LEVEL>03</NODE_LEVEL>
     <PARENT_ID>BD258535B9BE1EDFA7AFAA0421195FDC</PARENT_ID>
     <BROTHER_ID>BD258535B9BE1EDFA7AFBD2B70A91FDC</BROTHER_ID>
     <TREE_ID>ZSDS_MAIN</TREE_ID>
    </HIER_IFACE>
    <HIER_IFACE>
     <NODE_ID>BD258535B9BE1EDFA7AFBD2B70A95FDC</NODE_ID>
     <NODE_TYPE>TCOD</NODE_TYPE>
     <NODE_LEVEL>03</NODE_LEVEL>
     <PARENT_ID>BD258535B9BE1EDFA7AFAA0421195FDC</PARENT_ID>
     <BROTHER_ID>BD258535B9BE1EDFA7AFBD2B70A93FDC</BROTHER_ID>
     <TREE_ID>ZSDS_MAIN</TREE_ID>
    </HIER_IFACE>
    <HIER_IFACE>
     <NODE_ID>BD258535B9BE1EDFA7AFBD2B70A97FDC</NODE_ID>
     <NODE_TYPE>TCOD</NODE_TYPE>
     <NODE_LEVEL>03</NODE_LEVEL>
     <PARENT_ID>BD258535B9BE1EDFA7AFAA0421195FDC</PARENT_ID>
     <BROTHER_ID>BD258535B9BE1EDFA7AFBD2B70A95FDC</BROTHER_ID>
     <TREE_ID>ZSDS_MAIN</TREE_ID>
    </HIER_IFACE>
    <HIER_IFACE>
     <NODE_ID>BD258535B9BE1EDFA7AFBD2B70A99FDC</NODE_ID>
     <NODE_TYPE>TCOD</NODE_TYPE>
     <NODE_LEVEL>03</NODE_LEVEL>
     <PARENT_ID>BD258535B9BE1EDFA7AFAA0421195FDC</PARENT_ID>
     <BROTHER_ID>BD258535B9BE1EDFA7AFBD2B70A97FDC</BROTHER_ID>
     <TREE_ID>ZSDS_MAIN</TREE_ID>
    </HIER_IFACE>
    <HIER_IFACE>
     <NODE_ID>BD258535B9BE1EDFA7AFBD2B70A9BFDC</NODE_ID>
     <NODE_TYPE>TCOD</NODE_TYPE>
     <NODE_LEVEL>03</NODE_LEVEL>
     <PARENT_ID>BD258535B9BE1EDFA7AFAA0421195FDC</PARENT_ID>
     <BROTHER_ID>BD258535B9BE1EDFA7AFBD2B70A99FDC</BROTHER_ID>
     <TREE_ID>ZSDS_MAIN</TREE_ID>
    </HIER_IFACE>
    <HIER_IFACE>
     <NODE_ID>BD258535B9BE1EDFA7AFBD2B70A9DFDC</NODE_ID>
     <NODE_TYPE>TCOD</NODE_TYPE>
     <NODE_LEVEL>03</NODE_LEVEL>
     <PARENT_ID>BD258535B9BE1EDFA7AFAA0421195FDC</PARENT_ID>
     <BROTHER_ID>BD258535B9BE1EDFA7AFBD2B70A9BFDC</BROTHER_ID>
     <TREE_ID>ZSDS_MAIN</TREE_ID>
    </HIER_IFACE>
    <HIER_IFACE>
     <NODE_ID>BD258535B9BE1EDFA7AFBD2B70A9FFDC</NODE_ID>
     <NODE_TYPE>TCOD</NODE_TYPE>
     <NODE_LEVEL>03</NODE_LEVEL>
     <PARENT_ID>BD258535B9BE1EDFA7AFAA0421195FDC</PARENT_ID>
     <BROTHER_ID>BD258535B9BE1EDFA7AFBD2B70A9DFDC</BROTHER_ID>
     <TREE_ID>ZSDS_MAIN</TREE_ID>
    </HIER_IFACE>
    <HIER_IFACE>
     <NODE_ID>BD258535B9BE1EDFA7AFBD2B70AA1FDC</NODE_ID>
     <NODE_TYPE>TCOD</NODE_TYPE>
     <NODE_LEVEL>03</NODE_LEVEL>
     <PARENT_ID>BD258535B9BE1EDFA7AFAA0421195FDC</PARENT_ID>
     <BROTHER_ID>BD258535B9BE1EDFA7AFBD2B70A9FFDC</BROTHER_ID>
     <TREE_ID>ZSDS_MAIN</TREE_ID>
    </HIER_IFACE>
    <HIER_IFACE>
     <NODE_ID>BD258535B9BE1EDFA7AFBD2B70AA3FDC</NODE_ID>
     <NODE_TYPE>TCOD</NODE_TYPE>
     <NODE_LEVEL>03</NODE_LEVEL>
     <PARENT_ID>BD258535B9BE1EDFA7AFAA0421195FDC</PARENT_ID>
     <BROTHER_ID>BD258535B9BE1EDFA7AFBD2B70AA1FDC</BROTHER_ID>
     <TREE_ID>ZSDS_MAIN</TREE_ID>
    </HIER_IFACE>
    <HIER_IFACE>
     <NODE_ID>BD258535B9BE1EDFA7AFBD2B70AA5FDC</NODE_ID>
     <NODE_TYPE>TCOD</NODE_TYPE>
     <NODE_LEVEL>03</NODE_LEVEL>
     <PARENT_ID>BD258535B9BE1EDFA7AFAA0421195FDC</PARENT_ID>
     <BROTHER_ID>BD258535B9BE1EDFA7AFBD2B70AA3FDC</BROTHER_ID>
     <TREE_ID>ZSDS_MAIN</TREE_ID>
    </HIER_IFACE>
    <HIER_IFACE>
     <NODE_ID>BD258535B9BE1EDFA7AFBD2B70AA7FDC</NODE_ID>
     <NODE_TYPE>TCOD</NODE_TYPE>
     <NODE_LEVEL>03</NODE_LEVEL>
     <PARENT_ID>BD258535B9BE1EDFA7AFAA0421195FDC</PARENT_ID>
     <BROTHER_ID>BD258535B9BE1EDFA7AFBD2B70AA5FDC</BROTHER_ID>
     <TREE_ID>ZSDS_MAIN</TREE_ID>
    </HIER_IFACE>
    <HIER_IFACE>
     <NODE_ID>BD258535B9BE1EDFA7AFBD2B70AA9FDC</NODE_ID>
     <NODE_TYPE>TCOD</NODE_TYPE>
     <NODE_LEVEL>03</NODE_LEVEL>
     <PARENT_ID>BD258535B9BE1EDFA7AFAA0421195FDC</PARENT_ID>
     <BROTHER_ID>BD258535B9BE1EDFA7AFBD2B70AA7FDC</BROTHER_ID>
     <TREE_ID>ZSDS_MAIN</TREE_ID>
    </HIER_IFACE>
    <HIER_IFACE>
     <NODE_ID>BD258535B9BE1EDFA7AFBD2B70AABFDC</NODE_ID>
     <NODE_TYPE>TCOD</NODE_TYPE>
     <NODE_LEVEL>03</NODE_LEVEL>
     <PARENT_ID>BD258535B9BE1EDFA7AFAA0421195FDC</PARENT_ID>
     <BROTHER_ID>BD258535B9BE1EDFA7AFBD2B70AA9FDC</BROTHER_ID>
     <TREE_ID>ZSDS_MAIN</TREE_ID>
    </HIER_IFACE>
    <HIER_IFACE>
     <NODE_ID>BD258535B9BE1EDFA7AFAA2568F29FDC</NODE_ID>
     <NODE_TYPE>NULL</NODE_TYPE>
     <NODE_LEVEL>02</NODE_LEVEL>
     <PARENT_ID>ZSDS_MAIN_T</PARENT_ID>
     <BROTHER_ID>BD258535B9BE1EDFA7AFAA0421195FDC</BROTHER_ID>
     <TREE_ID>ZSDS_MAIN</TREE_ID>
     <FORCE_PLUS>X</FORCE_PLUS>
    </HIER_IFACE>
    <HIER_IFACE>
     <NODE_ID>BD258535B9BE1EDFA7AFC12ABBDEFFDC</NODE_ID>
     <NODE_TYPE>TCOD</NODE_TYPE>
     <NODE_LEVEL>03</NODE_LEVEL>
     <PARENT_ID>BD258535B9BE1EDFA7AFAA2568F29FDC</PARENT_ID>
     <TREE_ID>ZSDS_MAIN</TREE_ID>
    </HIER_IFACE>
    <HIER_IFACE>
     <NODE_ID>BD258535B9BE1EDFA7AFC12ABBDF1FDC</NODE_ID>
     <NODE_TYPE>TCOD</NODE_TYPE>
     <NODE_LEVEL>03</NODE_LEVEL>
     <PARENT_ID>BD258535B9BE1EDFA7AFAA2568F29FDC</PARENT_ID>
     <BROTHER_ID>BD258535B9BE1EDFA7AFC12ABBDEFFDC</BROTHER_ID>
     <TREE_ID>ZSDS_MAIN</TREE_ID>
    </HIER_IFACE>
    <HIER_IFACE>
     <NODE_ID>BD258535B9BE1EDFA7AFC12ABBDF3FDC</NODE_ID>
     <NODE_TYPE>TCOD</NODE_TYPE>
     <NODE_LEVEL>03</NODE_LEVEL>
     <PARENT_ID>BD258535B9BE1EDFA7AFAA2568F29FDC</PARENT_ID>
     <BROTHER_ID>BD258535B9BE1EDFA7AFC12ABBDF1FDC</BROTHER_ID>
     <TREE_ID>ZSDS_MAIN</TREE_ID>
    </HIER_IFACE>
    <HIER_IFACE>
     <NODE_ID>BD258535B9BE1EDFA7AFC12ABBDF5FDC</NODE_ID>
     <NODE_TYPE>TCOD</NODE_TYPE>
     <NODE_LEVEL>03</NODE_LEVEL>
     <PARENT_ID>BD258535B9BE1EDFA7AFAA2568F29FDC</PARENT_ID>
     <BROTHER_ID>BD258535B9BE1EDFA7AFC12ABBDF3FDC</BROTHER_ID>
     <TREE_ID>ZSDS_MAIN</TREE_ID>
    </HIER_IFACE>
    <HIER_IFACE>
     <NODE_ID>BD258535B9BE1EDFA7AFAA2568F2BFDC</NODE_ID>
     <NODE_TYPE>NULL</NODE_TYPE>
     <NODE_LEVEL>02</NODE_LEVEL>
     <PARENT_ID>ZSDS_MAIN_T</PARENT_ID>
     <BROTHER_ID>BD258535B9BE1EDFA7AFAA2568F29FDC</BROTHER_ID>
     <TREE_ID>ZSDS_MAIN</TREE_ID>
     <FORCE_PLUS>X</FORCE_PLUS>
    </HIER_IFACE>
    <HIER_IFACE>
     <NODE_ID>BD258535B9BE1EDFA7AFC56E1E5A5FDC</NODE_ID>
     <NODE_TYPE>TCOD</NODE_TYPE>
     <NODE_LEVEL>03</NODE_LEVEL>
     <PARENT_ID>BD258535B9BE1EDFA7AFAA2568F2BFDC</PARENT_ID>
     <TREE_ID>ZSDS_MAIN</TREE_ID>
    </HIER_IFACE>
    <HIER_IFACE>
     <NODE_ID>BD258535B9BE1EDFA7AFC56E1E5A7FDC</NODE_ID>
     <NODE_TYPE>TCOD</NODE_TYPE>
     <NODE_LEVEL>03</NODE_LEVEL>
     <PARENT_ID>BD258535B9BE1EDFA7AFAA2568F2BFDC</PARENT_ID>
     <BROTHER_ID>BD258535B9BE1EDFA7AFC56E1E5A5FDC</BROTHER_ID>
     <TREE_ID>ZSDS_MAIN</TREE_ID>
    </HIER_IFACE>
    <HIER_IFACE>
     <NODE_ID>BD258535B9BE1EDFA7AFC56E1E5A9FDC</NODE_ID>
     <NODE_TYPE>TCOD</NODE_TYPE>
     <NODE_LEVEL>03</NODE_LEVEL>
     <PARENT_ID>BD258535B9BE1EDFA7AFAA2568F2BFDC</PARENT_ID>
     <BROTHER_ID>BD258535B9BE1EDFA7AFC56E1E5A7FDC</BROTHER_ID>
     <TREE_ID>ZSDS_MAIN</TREE_ID>
    </HIER_IFACE>
    <HIER_IFACE>
     <NODE_ID>BD258535B9BE1EDFA7AFC56E1E5ABFDC</NODE_ID>
     <NODE_TYPE>TCOD</NODE_TYPE>
     <NODE_LEVEL>03</NODE_LEVEL>
     <PARENT_ID>BD258535B9BE1EDFA7AFAA2568F2BFDC</PARENT_ID>
     <BROTHER_ID>BD258535B9BE1EDFA7AFC56E1E5A9FDC</BROTHER_ID>
     <TREE_ID>ZSDS_MAIN</TREE_ID>
    </HIER_IFACE>
    <HIER_IFACE>
     <NODE_ID>BD258535B9BE1EDFA7AFC56E1E5ADFDC</NODE_ID>
     <NODE_TYPE>TCOD</NODE_TYPE>
     <NODE_LEVEL>03</NODE_LEVEL>
     <PARENT_ID>BD258535B9BE1EDFA7AFAA2568F2BFDC</PARENT_ID>
     <BROTHER_ID>BD258535B9BE1EDFA7AFC56E1E5ABFDC</BROTHER_ID>
     <TREE_ID>ZSDS_MAIN</TREE_ID>
    </HIER_IFACE>
    <HIER_IFACE>
     <NODE_ID>BD258535B9BE1EDFA7AFC56E1E5AFFDC</NODE_ID>
     <NODE_TYPE>TCOD</NODE_TYPE>
     <NODE_LEVEL>03</NODE_LEVEL>
     <PARENT_ID>BD258535B9BE1EDFA7AFAA2568F2BFDC</PARENT_ID>
     <BROTHER_ID>BD258535B9BE1EDFA7AFC56E1E5ADFDC</BROTHER_ID>
     <TREE_ID>ZSDS_MAIN</TREE_ID>
    </HIER_IFACE>
    <HIER_IFACE>
     <NODE_ID>BD258535B9BE1EDFA7AFC56E1E5B1FDC</NODE_ID>
     <NODE_TYPE>TCOD</NODE_TYPE>
     <NODE_LEVEL>03</NODE_LEVEL>
     <PARENT_ID>BD258535B9BE1EDFA7AFAA2568F2BFDC</PARENT_ID>
     <BROTHER_ID>BD258535B9BE1EDFA7AFC56E1E5AFFDC</BROTHER_ID>
     <TREE_ID>ZSDS_MAIN</TREE_ID>
    </HIER_IFACE>
    <HIER_IFACE>
     <NODE_ID>BD258535B9BE1EDFA7AFC56E1E5B3FDC</NODE_ID>
     <NODE_TYPE>TCOD</NODE_TYPE>
     <NODE_LEVEL>03</NODE_LEVEL>
     <PARENT_ID>BD258535B9BE1EDFA7AFAA2568F2BFDC</PARENT_ID>
     <BROTHER_ID>BD258535B9BE1EDFA7AFC56E1E5B1FDC</BROTHER_ID>
     <TREE_ID>ZSDS_MAIN</TREE_ID>
    </HIER_IFACE>
    <HIER_IFACE>
     <NODE_ID>BD258535B9BE1EDFA7AFC56E1E5B5FDC</NODE_ID>
     <NODE_TYPE>TCOD</NODE_TYPE>
     <NODE_LEVEL>03</NODE_LEVEL>
     <PARENT_ID>BD258535B9BE1EDFA7AFAA2568F2BFDC</PARENT_ID>
     <BROTHER_ID>BD258535B9BE1EDFA7AFC56E1E5B3FDC</BROTHER_ID>
     <TREE_ID>ZSDS_MAIN</TREE_ID>
    </HIER_IFACE>
    <HIER_IFACE>
     <NODE_ID>BD258535B9BE1EDFA7AFC56E1E5B7FDC</NODE_ID>
     <NODE_TYPE>TCOD</NODE_TYPE>
     <NODE_LEVEL>03</NODE_LEVEL>
     <PARENT_ID>BD258535B9BE1EDFA7AFAA2568F2BFDC</PARENT_ID>
     <BROTHER_ID>BD258535B9BE1EDFA7AFC56E1E5B5FDC</BROTHER_ID>
     <TREE_ID>ZSDS_MAIN</TREE_ID>
    </HIER_IFACE>
    <HIER_IFACE>
     <NODE_ID>BD258535B9BE1EDFA7AFC56E1E5B9FDC</NODE_ID>
     <NODE_TYPE>TCOD</NODE_TYPE>
     <NODE_LEVEL>03</NODE_LEVEL>
     <PARENT_ID>BD258535B9BE1EDFA7AFAA2568F2BFDC</PARENT_ID>
     <BROTHER_ID>BD258535B9BE1EDFA7AFC56E1E5B7FDC</BROTHER_ID>
     <TREE_ID>ZSDS_MAIN</TREE_ID>
    </HIER_IFACE>
    <HIER_IFACE>
     <NODE_ID>BD258535B9BE1EDFA7AFC56E1E5BBFDC</NODE_ID>
     <NODE_TYPE>TCOD</NODE_TYPE>
     <NODE_LEVEL>03</NODE_LEVEL>
     <PARENT_ID>BD258535B9BE1EDFA7AFAA2568F2BFDC</PARENT_ID>
     <BROTHER_ID>BD258535B9BE1EDFA7AFC56E1E5B9FDC</BROTHER_ID>
     <TREE_ID>ZSDS_MAIN</TREE_ID>
    </HIER_IFACE>
    <HIER_IFACE>
     <NODE_ID>BD258535B9BE1EDFA7AFC56E1E5BDFDC</NODE_ID>
     <NODE_TYPE>TCOD</NODE_TYPE>
     <NODE_LEVEL>03</NODE_LEVEL>
     <PARENT_ID>BD258535B9BE1EDFA7AFAA2568F2BFDC</PARENT_ID>
     <BROTHER_ID>BD258535B9BE1EDFA7AFC56E1E5BBFDC</BROTHER_ID>
     <TREE_ID>ZSDS_MAIN</TREE_ID>
    </HIER_IFACE>
    <HIER_IFACE>
     <NODE_ID>BD258535B9BE1EDFA7AFC56E1E5BFFDC</NODE_ID>
     <NODE_TYPE>TCOD</NODE_TYPE>
     <NODE_LEVEL>03</NODE_LEVEL>
     <PARENT_ID>BD258535B9BE1EDFA7AFAA2568F2BFDC</PARENT_ID>
     <BROTHER_ID>BD258535B9BE1EDFA7AFC56E1E5BDFDC</BROTHER_ID>
     <TREE_ID>ZSDS_MAIN</TREE_ID>
    </HIER_IFACE>
    <HIER_IFACE>
     <NODE_ID>BD258535B9BE1EDFA7AFC56E1E5C1FDC</NODE_ID>
     <NODE_TYPE>TCOD</NODE_TYPE>
     <NODE_LEVEL>03</NODE_LEVEL>
     <PARENT_ID>BD258535B9BE1EDFA7AFAA2568F2BFDC</PARENT_ID>
     <BROTHER_ID>BD258535B9BE1EDFA7AFC56E1E5BFFDC</BROTHER_ID>
     <TREE_ID>ZSDS_MAIN</TREE_ID>
    </HIER_IFACE>
    <HIER_IFACE>
     <NODE_ID>BD258535B9BE1EDFA7AFC56E1E5C3FDC</NODE_ID>
     <NODE_TYPE>TCOD</NODE_TYPE>
     <NODE_LEVEL>03</NODE_LEVEL>
     <PARENT_ID>BD258535B9BE1EDFA7AFAA2568F2BFDC</PARENT_ID>
     <BROTHER_ID>BD258535B9BE1EDFA7AFC56E1E5C1FDC</BROTHER_ID>
     <TREE_ID>ZSDS_MAIN</TREE_ID>
    </HIER_IFACE>
    <HIER_IFACE>
     <NODE_ID>BD258535B9BE1EDFA7AFC56E1E5C5FDC</NODE_ID>
     <NODE_TYPE>TCOD</NODE_TYPE>
     <NODE_LEVEL>03</NODE_LEVEL>
     <PARENT_ID>BD258535B9BE1EDFA7AFAA2568F2BFDC</PARENT_ID>
     <BROTHER_ID>BD258535B9BE1EDFA7AFC56E1E5C3FDC</BROTHER_ID>
     <TREE_ID>ZSDS_MAIN</TREE_ID>
    </HIER_IFACE>
    <HIER_IFACE>
     <NODE_ID>BD258535B9BE1EDFA7AFC56E1E5C7FDC</NODE_ID>
     <NODE_TYPE>TCOD</NODE_TYPE>
     <NODE_LEVEL>03</NODE_LEVEL>
     <PARENT_ID>BD258535B9BE1EDFA7AFAA2568F2BFDC</PARENT_ID>
     <BROTHER_ID>BD258535B9BE1EDFA7AFC56E1E5C5FDC</BROTHER_ID>
     <TREE_ID>ZSDS_MAIN</TREE_ID>
    </HIER_IFACE>
    <HIER_IFACE>
     <NODE_ID>BD258535B9BE1EDFA7AFC56E1E5C9FDC</NODE_ID>
     <NODE_TYPE>TCOD</NODE_TYPE>
     <NODE_LEVEL>03</NODE_LEVEL>
     <PARENT_ID>BD258535B9BE1EDFA7AFAA2568F2BFDC</PARENT_ID>
     <BROTHER_ID>BD258535B9BE1EDFA7AFC56E1E5C7FDC</BROTHER_ID>
     <TREE_ID>ZSDS_MAIN</TREE_ID>
    </HIER_IFACE>
    <HIER_IFACE>
     <NODE_ID>BD258535B9BE1EDFA7AFC56E1E5CBFDC</NODE_ID>
     <NODE_TYPE>TCOD</NODE_TYPE>
     <NODE_LEVEL>03</NODE_LEVEL>
     <PARENT_ID>BD258535B9BE1EDFA7AFAA2568F2BFDC</PARENT_ID>
     <BROTHER_ID>BD258535B9BE1EDFA7AFC56E1E5C9FDC</BROTHER_ID>
     <TREE_ID>ZSDS_MAIN</TREE_ID>
    </HIER_IFACE>
    <HIER_IFACE>
     <NODE_ID>BD258535B9BE1EDFA7AFC56E1E5CDFDC</NODE_ID>
     <NODE_TYPE>TCOD</NODE_TYPE>
     <NODE_LEVEL>03</NODE_LEVEL>
     <PARENT_ID>BD258535B9BE1EDFA7AFAA2568F2BFDC</PARENT_ID>
     <BROTHER_ID>BD258535B9BE1EDFA7AFC56E1E5CBFDC</BROTHER_ID>
     <TREE_ID>ZSDS_MAIN</TREE_ID>
    </HIER_IFACE>
    <HIER_IFACE>
     <NODE_ID>BD258535B9BE1EDFA7AFC56E1E5CFFDC</NODE_ID>
     <NODE_TYPE>TCOD</NODE_TYPE>
     <NODE_LEVEL>03</NODE_LEVEL>
     <PARENT_ID>BD258535B9BE1EDFA7AFAA2568F2BFDC</PARENT_ID>
     <BROTHER_ID>BD258535B9BE1EDFA7AFC56E1E5CDFDC</BROTHER_ID>
     <TREE_ID>ZSDS_MAIN</TREE_ID>
    </HIER_IFACE>
    <HIER_IFACE>
     <NODE_ID>BD258535B9BE1EDFA7AFC56E1E5D1FDC</NODE_ID>
     <NODE_TYPE>TCOD</NODE_TYPE>
     <NODE_LEVEL>03</NODE_LEVEL>
     <PARENT_ID>BD258535B9BE1EDFA7AFAA2568F2BFDC</PARENT_ID>
     <BROTHER_ID>BD258535B9BE1EDFA7AFC56E1E5CFFDC</BROTHER_ID>
     <TREE_ID>ZSDS_MAIN</TREE_ID>
    </HIER_IFACE>
    <HIER_IFACE>
     <NODE_ID>BD258535B9BE1EDFA7AFC56E1E5D3FDC</NODE_ID>
     <NODE_TYPE>TCOD</NODE_TYPE>
     <NODE_LEVEL>03</NODE_LEVEL>
     <PARENT_ID>BD258535B9BE1EDFA7AFAA2568F2BFDC</PARENT_ID>
     <BROTHER_ID>BD258535B9BE1EDFA7AFC56E1E5D1FDC</BROTHER_ID>
     <TREE_ID>ZSDS_MAIN</TREE_ID>
    </HIER_IFACE>
    <HIER_IFACE>
     <NODE_ID>BD258535B9BE1EDFA7AFC56E1E5D5FDC</NODE_ID>
     <NODE_TYPE>TCOD</NODE_TYPE>
     <NODE_LEVEL>03</NODE_LEVEL>
     <PARENT_ID>BD258535B9BE1EDFA7AFAA2568F2BFDC</PARENT_ID>
     <BROTHER_ID>BD258535B9BE1EDFA7AFC56E1E5D3FDC</BROTHER_ID>
     <TREE_ID>ZSDS_MAIN</TREE_ID>
    </HIER_IFACE>
    <HIER_IFACE>
     <NODE_ID>BD258535B9BE1EDFA7AFC56E1E5D7FDC</NODE_ID>
     <NODE_TYPE>TCOD</NODE_TYPE>
     <NODE_LEVEL>03</NODE_LEVEL>
     <PARENT_ID>BD258535B9BE1EDFA7AFAA2568F2BFDC</PARENT_ID>
     <BROTHER_ID>BD258535B9BE1EDFA7AFC56E1E5D5FDC</BROTHER_ID>
     <TREE_ID>ZSDS_MAIN</TREE_ID>
    </HIER_IFACE>
    <HIER_IFACE>
     <NODE_ID>BD258535B9BE1EDFA7AFC56E1E5D9FDC</NODE_ID>
     <NODE_TYPE>TCOD</NODE_TYPE>
     <NODE_LEVEL>03</NODE_LEVEL>
     <PARENT_ID>BD258535B9BE1EDFA7AFAA2568F2BFDC</PARENT_ID>
     <BROTHER_ID>BD258535B9BE1EDFA7AFC56E1E5D7FDC</BROTHER_ID>
     <TREE_ID>ZSDS_MAIN</TREE_ID>
    </HIER_IFACE>
    <HIER_IFACE>
     <NODE_ID>BD258535B9BE1EDFA7AFC56E1E5DBFDC</NODE_ID>
     <NODE_TYPE>TCOD</NODE_TYPE>
     <NODE_LEVEL>03</NODE_LEVEL>
     <PARENT_ID>BD258535B9BE1EDFA7AFAA2568F2BFDC</PARENT_ID>
     <BROTHER_ID>BD258535B9BE1EDFA7AFC56E1E5D9FDC</BROTHER_ID>
     <TREE_ID>ZSDS_MAIN</TREE_ID>
    </HIER_IFACE>
    <HIER_IFACE>
     <NODE_ID>BD258535B9BE1EDFA7AFC56E1E5DDFDC</NODE_ID>
     <NODE_TYPE>TCOD</NODE_TYPE>
     <NODE_LEVEL>03</NODE_LEVEL>
     <PARENT_ID>BD258535B9BE1EDFA7AFAA2568F2BFDC</PARENT_ID>
     <BROTHER_ID>BD258535B9BE1EDFA7AFC56E1E5DBFDC</BROTHER_ID>
     <TREE_ID>ZSDS_MAIN</TREE_ID>
    </HIER_IFACE>
    <HIER_IFACE>
     <NODE_ID>BD258535B9BE1EDFA7AFC56E1E5DFFDC</NODE_ID>
     <NODE_TYPE>TCOD</NODE_TYPE>
     <NODE_LEVEL>03</NODE_LEVEL>
     <PARENT_ID>BD258535B9BE1EDFA7AFAA2568F2BFDC</PARENT_ID>
     <BROTHER_ID>BD258535B9BE1EDFA7AFC56E1E5DDFDC</BROTHER_ID>
     <TREE_ID>ZSDS_MAIN</TREE_ID>
    </HIER_IFACE>
    <HIER_IFACE>
     <NODE_ID>BD258535B9BE1EDFA7AFC56E1E5E1FDC</NODE_ID>
     <NODE_TYPE>TCOD</NODE_TYPE>
     <NODE_LEVEL>03</NODE_LEVEL>
     <PARENT_ID>BD258535B9BE1EDFA7AFAA2568F2BFDC</PARENT_ID>
     <BROTHER_ID>BD258535B9BE1EDFA7AFC56E1E5DFFDC</BROTHER_ID>
     <TREE_ID>ZSDS_MAIN</TREE_ID>
    </HIER_IFACE>
    <HIER_IFACE>
     <NODE_ID>BD258535B9BE1EDFA7AFC56E1E5E3FDC</NODE_ID>
     <NODE_TYPE>TCOD</NODE_TYPE>
     <NODE_LEVEL>03</NODE_LEVEL>
     <PARENT_ID>BD258535B9BE1EDFA7AFAA2568F2BFDC</PARENT_ID>
     <BROTHER_ID>BD258535B9BE1EDFA7AFC56E1E5E1FDC</BROTHER_ID>
     <TREE_ID>ZSDS_MAIN</TREE_ID>
    </HIER_IFACE>
    <HIER_IFACE>
     <NODE_ID>BD258535B9BE1EDFA7AFC56E1E5E5FDC</NODE_ID>
     <NODE_TYPE>TCOD</NODE_TYPE>
     <NODE_LEVEL>03</NODE_LEVEL>
     <PARENT_ID>BD258535B9BE1EDFA7AFAA2568F2BFDC</PARENT_ID>
     <BROTHER_ID>BD258535B9BE1EDFA7AFC56E1E5E3FDC</BROTHER_ID>
     <TREE_ID>ZSDS_MAIN</TREE_ID>
    </HIER_IFACE>
   </TREE_NODES>
   <TREE_REFS>
    <HIER_REF>
     <NODE_ID>BD258535B9BE1EDFA7AFAA0421189FDC</NODE_ID>
     <REF_TYPE>BMFR</REF_TYPE>
     <REF_OBJECT>HLA0009999</REF_OBJECT>
    </HIER_REF>
    <HIER_REF>
     <NODE_ID>BD258535B9BE1EDFA7AFAA042118BFDC</NODE_ID>
     <REF_TYPE>BMFR</REF_TYPE>
     <REF_OBJECT>HLA0009999</REF_OBJECT>
    </HIER_REF>
    <HIER_REF>
     <NODE_ID>BD258535B9BE1EDFA7AFAA042118DFDC</NODE_ID>
     <REF_TYPE>BMFR</REF_TYPE>
     <REF_OBJECT>HLA0009999</REF_OBJECT>
    </HIER_REF>
    <HIER_REF>
     <NODE_ID>BD258535B9BE1EDFA7AFAA042118FFDC</NODE_ID>
     <REF_TYPE>BMFR</REF_TYPE>
     <REF_OBJECT>HLA0009999</REF_OBJECT>
    </HIER_REF>
    <HIER_REF>
     <NODE_ID>BD258535B9BE1EDFA7AFAA0421191FDC</NODE_ID>
     <REF_TYPE>BMFR</REF_TYPE>
     <REF_OBJECT>HLA0009999</REF_OBJECT>
    </HIER_REF>
    <HIER_REF>
     <NODE_ID>BD258535B9BE1EDFA7AFAA0421193FDC</NODE_ID>
     <REF_TYPE>BMFR</REF_TYPE>
     <REF_OBJECT>HLA0009999</REF_OBJECT>
    </HIER_REF>
    <HIER_REF>
     <NODE_ID>BD258535B9BE1EDFA7AFAA0421195FDC</NODE_ID>
     <REF_TYPE>BMFR</REF_TYPE>
     <REF_OBJECT>HLA0009999</REF_OBJECT>
    </HIER_REF>
    <HIER_REF>
     <NODE_ID>BD258535B9BE1EDFA7AFAA2568F29FDC</NODE_ID>
     <REF_TYPE>BMFR</REF_TYPE>
     <REF_OBJECT>HLA0009999</REF_OBJECT>
    </HIER_REF>
    <HIER_REF>
     <NODE_ID>BD258535B9BE1EDFA7AFAA2568F2BFDC</NODE_ID>
     <REF_TYPE>BMFR</REF_TYPE>
     <REF_OBJECT>HLA0009999</REF_OBJECT>
    </HIER_REF>
    <HIER_REF>
     <NODE_ID>BD258535B9BE1EDFA7AFB1E0026B9FDC</NODE_ID>
     <REF_TYPE>BMFR</REF_TYPE>
     <REF_OBJECT>HLA0009999</REF_OBJECT>
    </HIER_REF>
    <HIER_REF>
     <NODE_ID>BD258535B9BE1EDFA7AFB1E0026B9FDC</NODE_ID>
     <REF_TYPE>TCOD</REF_TYPE>
     <REF_OBJECT>ZSDSCM001</REF_OBJECT>
    </HIER_REF>
    <HIER_REF>
     <NODE_ID>BD258535B9BE1EDFA7AFB1E0026BBFDC</NODE_ID>
     <REF_TYPE>BMFR</REF_TYPE>
     <REF_OBJECT>HLA0009999</REF_OBJECT>
    </HIER_REF>
    <HIER_REF>
     <NODE_ID>BD258535B9BE1EDFA7AFB1E0026BBFDC</NODE_ID>
     <REF_TYPE>TCOD</REF_TYPE>
     <REF_OBJECT>ZSDSCM002</REF_OBJECT>
    </HIER_REF>
    <HIER_REF>
     <NODE_ID>BD258535B9BE1EDFA7AFB1E0026BDFDC</NODE_ID>
     <REF_TYPE>BMFR</REF_TYPE>
     <REF_OBJECT>HLA0009999</REF_OBJECT>
    </HIER_REF>
    <HIER_REF>
     <NODE_ID>BD258535B9BE1EDFA7AFB1E0026BDFDC</NODE_ID>
     <REF_TYPE>TCOD</REF_TYPE>
     <REF_OBJECT>ZSDSCM003</REF_OBJECT>
    </HIER_REF>
    <HIER_REF>
     <NODE_ID>BD258535B9BE1EDFA7AFB1E0026BFFDC</NODE_ID>
     <REF_TYPE>BMFR</REF_TYPE>
     <REF_OBJECT>HLA0009999</REF_OBJECT>
    </HIER_REF>
    <HIER_REF>
     <NODE_ID>BD258535B9BE1EDFA7AFB1E0026BFFDC</NODE_ID>
     <REF_TYPE>TCOD</REF_TYPE>
     <REF_OBJECT>ZSDSCM004</REF_OBJECT>
    </HIER_REF>
    <HIER_REF>
     <NODE_ID>BD258535B9BE1EDFA7AFB1E0026C1FDC</NODE_ID>
     <REF_TYPE>BMFR</REF_TYPE>
     <REF_OBJECT>HLA0009999</REF_OBJECT>
    </HIER_REF>
    <HIER_REF>
     <NODE_ID>BD258535B9BE1EDFA7AFB1E0026C1FDC</NODE_ID>
     <REF_TYPE>TCOD</REF_TYPE>
     <REF_OBJECT>ZSDSCM005</REF_OBJECT>
    </HIER_REF>
    <HIER_REF>
     <NODE_ID>BD258535B9BE1EDFA7AFB50B22267FDC</NODE_ID>
     <REF_TYPE>BMFR</REF_TYPE>
     <REF_OBJECT>HLA0009999</REF_OBJECT>
    </HIER_REF>
    <HIER_REF>
     <NODE_ID>BD258535B9BE1EDFA7AFB50B22267FDC</NODE_ID>
     <REF_TYPE>TCOD</REF_TYPE>
     <REF_OBJECT>ZSDSCO001</REF_OBJECT>
    </HIER_REF>
    <HIER_REF>
     <NODE_ID>BD258535B9BE1EDFA7AFB50B22269FDC</NODE_ID>
     <REF_TYPE>BMFR</REF_TYPE>
     <REF_OBJECT>HLA0009999</REF_OBJECT>
    </HIER_REF>
    <HIER_REF>
     <NODE_ID>BD258535B9BE1EDFA7AFB50B22269FDC</NODE_ID>
     <REF_TYPE>TCOD</REF_TYPE>
     <REF_OBJECT>ZSDSCO002</REF_OBJECT>
    </HIER_REF>
    <HIER_REF>
     <NODE_ID>BD258535B9BE1EDFA7AFB50B2226BFDC</NODE_ID>
     <REF_TYPE>BMFR</REF_TYPE>
     <REF_OBJECT>HLA0009999</REF_OBJECT>
    </HIER_REF>
    <HIER_REF>
     <NODE_ID>BD258535B9BE1EDFA7AFB50B2226BFDC</NODE_ID>
     <REF_TYPE>TCOD</REF_TYPE>
     <REF_OBJECT>ZSDSCO003</REF_OBJECT>
    </HIER_REF>
    <HIER_REF>
     <NODE_ID>BD258535B9BE1EDFA7AFB50B2226DFDC</NODE_ID>
     <REF_TYPE>BMFR</REF_TYPE>
     <REF_OBJECT>HLA0009999</REF_OBJECT>
    </HIER_REF>
    <HIER_REF>
     <NODE_ID>BD258535B9BE1EDFA7AFB50B2226DFDC</NODE_ID>
     <REF_TYPE>TCOD</REF_TYPE>
     <REF_OBJECT>ZSDSCO004</REF_OBJECT>
    </HIER_REF>
    <HIER_REF>
     <NODE_ID>BD258535B9BE1EDFA7AFB50B2226FFDC</NODE_ID>
     <REF_TYPE>BMFR</REF_TYPE>
     <REF_OBJECT>HLA0009999</REF_OBJECT>
    </HIER_REF>
    <HIER_REF>
     <NODE_ID>BD258535B9BE1EDFA7AFB50B2226FFDC</NODE_ID>
     <REF_TYPE>REPD</REF_TYPE>
    </HIER_REF>
    <HIER_REF>
     <NODE_ID>BD258535B9BE1EDFA7AFB50B2226FFDC</NODE_ID>
     <REF_TYPE>TCOD</REF_TYPE>
     <REF_OBJECT>ZSDSCO005</REF_OBJECT>
    </HIER_REF>
    <HIER_REF>
     <NODE_ID>BD258535B9BE1EDFA7AFBD2B70A49FDC</NODE_ID>
     <REF_TYPE>BMFR</REF_TYPE>
     <REF_OBJECT>HLA0009999</REF_OBJECT>
    </HIER_REF>
    <HIER_REF>
     <NODE_ID>BD258535B9BE1EDFA7AFBD2B70A49FDC</NODE_ID>
     <REF_TYPE>TCOD</REF_TYPE>
     <REF_OBJECT>ZSDSMM001</REF_OBJECT>
    </HIER_REF>
    <HIER_REF>
     <NODE_ID>BD258535B9BE1EDFA7AFBD2B70A4BFDC</NODE_ID>
     <REF_TYPE>BMFR</REF_TYPE>
     <REF_OBJECT>HLA0009999</REF_OBJECT>
    </HIER_REF>
    <HIER_REF>
     <NODE_ID>BD258535B9BE1EDFA7AFBD2B70A4BFDC</NODE_ID>
     <REF_TYPE>TCOD</REF_TYPE>
     <REF_OBJECT>ZSDSMM002</REF_OBJECT>
    </HIER_REF>
    <HIER_REF>
     <NODE_ID>BD258535B9BE1EDFA7AFBD2B70A4DFDC</NODE_ID>
     <REF_TYPE>BMFR</REF_TYPE>
     <REF_OBJECT>HLA0009999</REF_OBJECT>
    </HIER_REF>
    <HIER_REF>
     <NODE_ID>BD258535B9BE1EDFA7AFBD2B70A4DFDC</NODE_ID>
     <REF_TYPE>TCOD</REF_TYPE>
     <REF_OBJECT>ZSDSMM003</REF_OBJECT>
    </HIER_REF>
    <HIER_REF>
     <NODE_ID>BD258535B9BE1EDFA7AFBD2B70A4FFDC</NODE_ID>
     <REF_TYPE>BMFR</REF_TYPE>
     <REF_OBJECT>HLA0009999</REF_OBJECT>
    </HIER_REF>
    <HIER_REF>
     <NODE_ID>BD258535B9BE1EDFA7AFBD2B70A4FFDC</NODE_ID>
     <REF_TYPE>TCOD</REF_TYPE>
     <REF_OBJECT>ZSDSMM004</REF_OBJECT>
    </HIER_REF>
    <HIER_REF>
     <NODE_ID>BD258535B9BE1EDFA7AFBD2B70A51FDC</NODE_ID>
     <REF_TYPE>BMFR</REF_TYPE>
     <REF_OBJECT>HLA0009999</REF_OBJECT>
    </HIER_REF>
    <HIER_REF>
     <NODE_ID>BD258535B9BE1EDFA7AFBD2B70A51FDC</NODE_ID>
     <REF_TYPE>TCOD</REF_TYPE>
     <REF_OBJECT>ZSDSMM005</REF_OBJECT>
    </HIER_REF>
    <HIER_REF>
     <NODE_ID>BD258535B9BE1EDFA7AFBD2B70A53FDC</NODE_ID>
     <REF_TYPE>BMFR</REF_TYPE>
     <REF_OBJECT>HLA0009999</REF_OBJECT>
    </HIER_REF>
    <HIER_REF>
     <NODE_ID>BD258535B9BE1EDFA7AFBD2B70A53FDC</NODE_ID>
     <REF_TYPE>TCOD</REF_TYPE>
     <REF_OBJECT>ZSDSMM006</REF_OBJECT>
    </HIER_REF>
    <HIER_REF>
     <NODE_ID>BD258535B9BE1EDFA7AFBD2B70A55FDC</NODE_ID>
     <REF_TYPE>BMFR</REF_TYPE>
     <REF_OBJECT>HLA0009999</REF_OBJECT>
    </HIER_REF>
    <HIER_REF>
     <NODE_ID>BD258535B9BE1EDFA7AFBD2B70A55FDC</NODE_ID>
     <REF_TYPE>TCOD</REF_TYPE>
     <REF_OBJECT>ZSDSMM007</REF_OBJECT>
    </HIER_REF>
    <HIER_REF>
     <NODE_ID>BD258535B9BE1EDFA7AFBD2B70A57FDC</NODE_ID>
     <REF_TYPE>BMFR</REF_TYPE>
     <REF_OBJECT>HLA0009999</REF_OBJECT>
    </HIER_REF>
    <HIER_REF>
     <NODE_ID>BD258535B9BE1EDFA7AFBD2B70A57FDC</NODE_ID>
     <REF_TYPE>TCOD</REF_TYPE>
     <REF_OBJECT>ZSDSMM008</REF_OBJECT>
    </HIER_REF>
    <HIER_REF>
     <NODE_ID>BD258535B9BE1EDFA7AFBD2B70A59FDC</NODE_ID>
     <REF_TYPE>BMFR</REF_TYPE>
     <REF_OBJECT>HLA0009999</REF_OBJECT>
    </HIER_REF>
    <HIER_REF>
     <NODE_ID>BD258535B9BE1EDFA7AFBD2B70A59FDC</NODE_ID>
     <REF_TYPE>TCOD</REF_TYPE>
     <REF_OBJECT>ZSDSMM009</REF_OBJECT>
    </HIER_REF>
    <HIER_REF>
     <NODE_ID>BD258535B9BE1EDFA7AFBD2B70A5BFDC</NODE_ID>
     <REF_TYPE>BMFR</REF_TYPE>
     <REF_OBJECT>HLA0009999</REF_OBJECT>
    </HIER_REF>
    <HIER_REF>
     <NODE_ID>BD258535B9BE1EDFA7AFBD2B70A5BFDC</NODE_ID>
     <REF_TYPE>TCOD</REF_TYPE>
     <REF_OBJECT>ZSDSMM010</REF_OBJECT>
    </HIER_REF>
    <HIER_REF>
     <NODE_ID>BD258535B9BE1EDFA7AFBD2B70A5DFDC</NODE_ID>
     <REF_TYPE>BMFR</REF_TYPE>
     <REF_OBJECT>HLA0009999</REF_OBJECT>
    </HIER_REF>
    <HIER_REF>
     <NODE_ID>BD258535B9BE1EDFA7AFBD2B70A5DFDC</NODE_ID>
     <REF_TYPE>TCOD</REF_TYPE>
     <REF_OBJECT>ZSDSMM011</REF_OBJECT>
    </HIER_REF>
    <HIER_REF>
     <NODE_ID>BD258535B9BE1EDFA7AFBD2B70A5FFDC</NODE_ID>
     <REF_TYPE>BMFR</REF_TYPE>
     <REF_OBJECT>HLA0009999</REF_OBJECT>
    </HIER_REF>
    <HIER_REF>
     <NODE_ID>BD258535B9BE1EDFA7AFBD2B70A5FFDC</NODE_ID>
     <REF_TYPE>TCOD</REF_TYPE>
     <REF_OBJECT>ZSDSMM012</REF_OBJECT>
    </HIER_REF>
    <HIER_REF>
     <NODE_ID>BD258535B9BE1EDFA7AFBD2B70A61FDC</NODE_ID>
     <REF_TYPE>BMFR</REF_TYPE>
     <REF_OBJECT>HLA0009999</REF_OBJECT>
    </HIER_REF>
    <HIER_REF>
     <NODE_ID>BD258535B9BE1EDFA7AFBD2B70A61FDC</NODE_ID>
     <REF_TYPE>TCOD</REF_TYPE>
     <REF_OBJECT>ZSDSMM013</REF_OBJECT>
    </HIER_REF>
    <HIER_REF>
     <NODE_ID>BD258535B9BE1EDFA7AFBD2B70A63FDC</NODE_ID>
     <REF_TYPE>BMFR</REF_TYPE>
     <REF_OBJECT>HLA0009999</REF_OBJECT>
    </HIER_REF>
    <HIER_REF>
     <NODE_ID>BD258535B9BE1EDFA7AFBD2B70A63FDC</NODE_ID>
     <REF_TYPE>TCOD</REF_TYPE>
     <REF_OBJECT>ZSDSMM014</REF_OBJECT>
    </HIER_REF>
    <HIER_REF>
     <NODE_ID>BD258535B9BE1EDFA7AFBD2B70A65FDC</NODE_ID>
     <REF_TYPE>BMFR</REF_TYPE>
     <REF_OBJECT>HLA0009999</REF_OBJECT>
    </HIER_REF>
    <HIER_REF>
     <NODE_ID>BD258535B9BE1EDFA7AFBD2B70A65FDC</NODE_ID>
     <REF_TYPE>TCOD</REF_TYPE>
     <REF_OBJECT>ZSDSMM015</REF_OBJECT>
    </HIER_REF>
    <HIER_REF>
     <NODE_ID>BD258535B9BE1EDFA7AFBD2B70A67FDC</NODE_ID>
     <REF_TYPE>BMFR</REF_TYPE>
     <REF_OBJECT>HLA0009999</REF_OBJECT>
    </HIER_REF>
    <HIER_REF>
     <NODE_ID>BD258535B9BE1EDFA7AFBD2B70A67FDC</NODE_ID>
     <REF_TYPE>TCOD</REF_TYPE>
     <REF_OBJECT>ZSDSMM016</REF_OBJECT>
    </HIER_REF>
    <HIER_REF>
     <NODE_ID>BD258535B9BE1EDFA7AFBD2B70A69FDC</NODE_ID>
     <REF_TYPE>BMFR</REF_TYPE>
     <REF_OBJECT>HLA0009999</REF_OBJECT>
    </HIER_REF>
    <HIER_REF>
     <NODE_ID>BD258535B9BE1EDFA7AFBD2B70A69FDC</NODE_ID>
     <REF_TYPE>TCOD</REF_TYPE>
     <REF_OBJECT>ZSDSMM017</REF_OBJECT>
    </HIER_REF>
    <HIER_REF>
     <NODE_ID>BD258535B9BE1EDFA7AFBD2B70A6BFDC</NODE_ID>
     <REF_TYPE>BMFR</REF_TYPE>
     <REF_OBJECT>HLA0009999</REF_OBJECT>
    </HIER_REF>
    <HIER_REF>
     <NODE_ID>BD258535B9BE1EDFA7AFBD2B70A6BFDC</NODE_ID>
     <REF_TYPE>TCOD</REF_TYPE>
     <REF_OBJECT>ZSDSMM018</REF_OBJECT>
    </HIER_REF>
    <HIER_REF>
     <NODE_ID>BD258535B9BE1EDFA7AFBD2B70A6DFDC</NODE_ID>
     <REF_TYPE>BMFR</REF_TYPE>
     <REF_OBJECT>HLA0009999</REF_OBJECT>
    </HIER_REF>
    <HIER_REF>
     <NODE_ID>BD258535B9BE1EDFA7AFBD2B70A6DFDC</NODE_ID>
     <REF_TYPE>TCOD</REF_TYPE>
     <REF_OBJECT>ZSDSMM019</REF_OBJECT>
    </HIER_REF>
    <HIER_REF>
     <NODE_ID>BD258535B9BE1EDFA7AFBD2B70A6FFDC</NODE_ID>
     <REF_TYPE>BMFR</REF_TYPE>
     <REF_OBJECT>HLA0009999</REF_OBJECT>
    </HIER_REF>
    <HIER_REF>
     <NODE_ID>BD258535B9BE1EDFA7AFBD2B70A6FFDC</NODE_ID>
     <REF_TYPE>TCOD</REF_TYPE>
     <REF_OBJECT>ZSDSMM020</REF_OBJECT>
    </HIER_REF>
    <HIER_REF>
     <NODE_ID>BD258535B9BE1EDFA7AFBD2B70A71FDC</NODE_ID>
     <REF_TYPE>BMFR</REF_TYPE>
     <REF_OBJECT>HLA0009999</REF_OBJECT>
    </HIER_REF>
    <HIER_REF>
     <NODE_ID>BD258535B9BE1EDFA7AFBD2B70A71FDC</NODE_ID>
     <REF_TYPE>TCOD</REF_TYPE>
     <REF_OBJECT>ZSDSMM021</REF_OBJECT>
    </HIER_REF>
    <HIER_REF>
     <NODE_ID>BD258535B9BE1EDFA7AFBD2B70A73FDC</NODE_ID>
     <REF_TYPE>BMFR</REF_TYPE>
     <REF_OBJECT>HLA0009999</REF_OBJECT>
    </HIER_REF>
    <HIER_REF>
     <NODE_ID>BD258535B9BE1EDFA7AFBD2B70A73FDC</NODE_ID>
     <REF_TYPE>TCOD</REF_TYPE>
     <REF_OBJECT>ZSDSMM022</REF_OBJECT>
    </HIER_REF>
    <HIER_REF>
     <NODE_ID>BD258535B9BE1EDFA7AFBD2B70A75FDC</NODE_ID>
     <REF_TYPE>BMFR</REF_TYPE>
     <REF_OBJECT>HLA0009999</REF_OBJECT>
    </HIER_REF>
    <HIER_REF>
     <NODE_ID>BD258535B9BE1EDFA7AFBD2B70A75FDC</NODE_ID>
     <REF_TYPE>TCOD</REF_TYPE>
     <REF_OBJECT>ZSDSMM023</REF_OBJECT>
    </HIER_REF>
    <HIER_REF>
     <NODE_ID>BD258535B9BE1EDFA7AFBD2B70A77FDC</NODE_ID>
     <REF_TYPE>BMFR</REF_TYPE>
     <REF_OBJECT>HLA0009999</REF_OBJECT>
    </HIER_REF>
    <HIER_REF>
     <NODE_ID>BD258535B9BE1EDFA7AFBD2B70A77FDC</NODE_ID>
     <REF_TYPE>TCOD</REF_TYPE>
     <REF_OBJECT>ZSDSMM024</REF_OBJECT>
    </HIER_REF>
    <HIER_REF>
     <NODE_ID>BD258535B9BE1EDFA7AFBD2B70A79FDC</NODE_ID>
     <REF_TYPE>BMFR</REF_TYPE>
     <REF_OBJECT>HLA0009999</REF_OBJECT>
    </HIER_REF>
    <HIER_REF>
     <NODE_ID>BD258535B9BE1EDFA7AFBD2B70A79FDC</NODE_ID>
     <REF_TYPE>TCOD</REF_TYPE>
     <REF_OBJECT>ZSDSMM025</REF_OBJECT>
    </HIER_REF>
    <HIER_REF>
     <NODE_ID>BD258535B9BE1EDFA7AFBD2B70A7BFDC</NODE_ID>
     <REF_TYPE>BMFR</REF_TYPE>
     <REF_OBJECT>HLA0009999</REF_OBJECT>
    </HIER_REF>
    <HIER_REF>
     <NODE_ID>BD258535B9BE1EDFA7AFBD2B70A7BFDC</NODE_ID>
     <REF_TYPE>TCOD</REF_TYPE>
     <REF_OBJECT>ZSDSMM026</REF_OBJECT>
    </HIER_REF>
    <HIER_REF>
     <NODE_ID>BD258535B9BE1EDFA7AFBD2B70A7DFDC</NODE_ID>
     <REF_TYPE>BMFR</REF_TYPE>
     <REF_OBJECT>HLA0009999</REF_OBJECT>
    </HIER_REF>
    <HIER_REF>
     <NODE_ID>BD258535B9BE1EDFA7AFBD2B70A7DFDC</NODE_ID>
     <REF_TYPE>TCOD</REF_TYPE>
     <REF_OBJECT>ZSDSMM027</REF_OBJECT>
    </HIER_REF>
    <HIER_REF>
     <NODE_ID>BD258535B9BE1EDFA7AFBD2B70A7FFDC</NODE_ID>
     <REF_TYPE>BMFR</REF_TYPE>
     <REF_OBJECT>HLA0009999</REF_OBJECT>
    </HIER_REF>
    <HIER_REF>
     <NODE_ID>BD258535B9BE1EDFA7AFBD2B70A7FFDC</NODE_ID>
     <REF_TYPE>TCOD</REF_TYPE>
     <REF_OBJECT>ZSDSMM028</REF_OBJECT>
    </HIER_REF>
    <HIER_REF>
     <NODE_ID>BD258535B9BE1EDFA7AFBD2B70A81FDC</NODE_ID>
     <REF_TYPE>BMFR</REF_TYPE>
     <REF_OBJECT>HLA0009999</REF_OBJECT>
    </HIER_REF>
    <HIER_REF>
     <NODE_ID>BD258535B9BE1EDFA7AFBD2B70A81FDC</NODE_ID>
     <REF_TYPE>TCOD</REF_TYPE>
     <REF_OBJECT>ZSDSMM029</REF_OBJECT>
    </HIER_REF>
    <HIER_REF>
     <NODE_ID>BD258535B9BE1EDFA7AFBD2B70A83FDC</NODE_ID>
     <REF_TYPE>BMFR</REF_TYPE>
     <REF_OBJECT>HLA0009999</REF_OBJECT>
    </HIER_REF>
    <HIER_REF>
     <NODE_ID>BD258535B9BE1EDFA7AFBD2B70A83FDC</NODE_ID>
     <REF_TYPE>TCOD</REF_TYPE>
     <REF_OBJECT>ZSDSMM030</REF_OBJECT>
    </HIER_REF>
    <HIER_REF>
     <NODE_ID>BD258535B9BE1EDFA7AFBD2B70A85FDC</NODE_ID>
     <REF_TYPE>BMFR</REF_TYPE>
     <REF_OBJECT>HLA0009999</REF_OBJECT>
    </HIER_REF>
    <HIER_REF>
     <NODE_ID>BD258535B9BE1EDFA7AFBD2B70A85FDC</NODE_ID>
     <REF_TYPE>TCOD</REF_TYPE>
     <REF_OBJECT>ZSDSMM031</REF_OBJECT>
    </HIER_REF>
    <HIER_REF>
     <NODE_ID>BD258535B9BE1EDFA7AFBD2B70A87FDC</NODE_ID>
     <REF_TYPE>BMFR</REF_TYPE>
     <REF_OBJECT>HLA0009999</REF_OBJECT>
    </HIER_REF>
    <HIER_REF>
     <NODE_ID>BD258535B9BE1EDFA7AFBD2B70A87FDC</NODE_ID>
     <REF_TYPE>TCOD</REF_TYPE>
     <REF_OBJECT>ZSDSMM032</REF_OBJECT>
    </HIER_REF>
    <HIER_REF>
     <NODE_ID>BD258535B9BE1EDFA7AFBD2B70A89FDC</NODE_ID>
     <REF_TYPE>BMFR</REF_TYPE>
     <REF_OBJECT>HLA0009999</REF_OBJECT>
    </HIER_REF>
    <HIER_REF>
     <NODE_ID>BD258535B9BE1EDFA7AFBD2B70A89FDC</NODE_ID>
     <REF_TYPE>TCOD</REF_TYPE>
     <REF_OBJECT>ZSDSMM033</REF_OBJECT>
    </HIER_REF>
    <HIER_REF>
     <NODE_ID>BD258535B9BE1EDFA7AFBD2B70A8BFDC</NODE_ID>
     <REF_TYPE>BMFR</REF_TYPE>
     <REF_OBJECT>HLA0009999</REF_OBJECT>
    </HIER_REF>
    <HIER_REF>
     <NODE_ID>BD258535B9BE1EDFA7AFBD2B70A8BFDC</NODE_ID>
     <REF_TYPE>TCOD</REF_TYPE>
     <REF_OBJECT>ZSDSMM034</REF_OBJECT>
    </HIER_REF>
    <HIER_REF>
     <NODE_ID>BD258535B9BE1EDFA7AFBD2B70A8DFDC</NODE_ID>
     <REF_TYPE>BMFR</REF_TYPE>
     <REF_OBJECT>HLA0009999</REF_OBJECT>
    </HIER_REF>
    <HIER_REF>
     <NODE_ID>BD258535B9BE1EDFA7AFBD2B70A8DFDC</NODE_ID>
     <REF_TYPE>TCOD</REF_TYPE>
     <REF_OBJECT>ZSDSMM035</REF_OBJECT>
    </HIER_REF>
    <HIER_REF>
     <NODE_ID>BD258535B9BE1EDFA7AFBD2B70A8FFDC</NODE_ID>
     <REF_TYPE>BMFR</REF_TYPE>
     <REF_OBJECT>HLA0009999</REF_OBJECT>
    </HIER_REF>
    <HIER_REF>
     <NODE_ID>BD258535B9BE1EDFA7AFBD2B70A8FFDC</NODE_ID>
     <REF_TYPE>TCOD</REF_TYPE>
     <REF_OBJECT>ZSDSMM036</REF_OBJECT>
    </HIER_REF>
    <HIER_REF>
     <NODE_ID>BD258535B9BE1EDFA7AFBD2B70A91FDC</NODE_ID>
     <REF_TYPE>BMFR</REF_TYPE>
     <REF_OBJECT>HLA0009999</REF_OBJECT>
    </HIER_REF>
    <HIER_REF>
     <NODE_ID>BD258535B9BE1EDFA7AFBD2B70A91FDC</NODE_ID>
     <REF_TYPE>TCOD</REF_TYPE>
     <REF_OBJECT>ZSDSMM037</REF_OBJECT>
    </HIER_REF>
    <HIER_REF>
     <NODE_ID>BD258535B9BE1EDFA7AFBD2B70A93FDC</NODE_ID>
     <REF_TYPE>BMFR</REF_TYPE>
     <REF_OBJECT>HLA0009999</REF_OBJECT>
    </HIER_REF>
    <HIER_REF>
     <NODE_ID>BD258535B9BE1EDFA7AFBD2B70A93FDC</NODE_ID>
     <REF_TYPE>TCOD</REF_TYPE>
     <REF_OBJECT>ZSDSMM038</REF_OBJECT>
    </HIER_REF>
    <HIER_REF>
     <NODE_ID>BD258535B9BE1EDFA7AFBD2B70A95FDC</NODE_ID>
     <REF_TYPE>BMFR</REF_TYPE>
     <REF_OBJECT>HLA0009999</REF_OBJECT>
    </HIER_REF>
    <HIER_REF>
     <NODE_ID>BD258535B9BE1EDFA7AFBD2B70A95FDC</NODE_ID>
     <REF_TYPE>TCOD</REF_TYPE>
     <REF_OBJECT>ZSDSMM039</REF_OBJECT>
    </HIER_REF>
    <HIER_REF>
     <NODE_ID>BD258535B9BE1EDFA7AFBD2B70A97FDC</NODE_ID>
     <REF_TYPE>BMFR</REF_TYPE>
     <REF_OBJECT>HLA0009999</REF_OBJECT>
    </HIER_REF>
    <HIER_REF>
     <NODE_ID>BD258535B9BE1EDFA7AFBD2B70A97FDC</NODE_ID>
     <REF_TYPE>TCOD</REF_TYPE>
     <REF_OBJECT>ZSDSMM040</REF_OBJECT>
    </HIER_REF>
    <HIER_REF>
     <NODE_ID>BD258535B9BE1EDFA7AFBD2B70A99FDC</NODE_ID>
     <REF_TYPE>BMFR</REF_TYPE>
     <REF_OBJECT>HLA0009999</REF_OBJECT>
    </HIER_REF>
    <HIER_REF>
     <NODE_ID>BD258535B9BE1EDFA7AFBD2B70A99FDC</NODE_ID>
     <REF_TYPE>TCOD</REF_TYPE>
     <REF_OBJECT>ZSDSMM041</REF_OBJECT>
    </HIER_REF>
    <HIER_REF>
     <NODE_ID>BD258535B9BE1EDFA7AFBD2B70A9BFDC</NODE_ID>
     <REF_TYPE>BMFR</REF_TYPE>
     <REF_OBJECT>HLA0009999</REF_OBJECT>
    </HIER_REF>
    <HIER_REF>
     <NODE_ID>BD258535B9BE1EDFA7AFBD2B70A9BFDC</NODE_ID>
     <REF_TYPE>TCOD</REF_TYPE>
     <REF_OBJECT>ZSDSMM042</REF_OBJECT>
    </HIER_REF>
    <HIER_REF>
     <NODE_ID>BD258535B9BE1EDFA7AFBD2B70A9DFDC</NODE_ID>
     <REF_TYPE>BMFR</REF_TYPE>
     <REF_OBJECT>HLA0009999</REF_OBJECT>
    </HIER_REF>
    <HIER_REF>
     <NODE_ID>BD258535B9BE1EDFA7AFBD2B70A9DFDC</NODE_ID>
     <REF_TYPE>TCOD</REF_TYPE>
     <REF_OBJECT>ZSDSMM043</REF_OBJECT>
    </HIER_REF>
    <HIER_REF>
     <NODE_ID>BD258535B9BE1EDFA7AFBD2B70A9FFDC</NODE_ID>
     <REF_TYPE>BMFR</REF_TYPE>
     <REF_OBJECT>HLA0009999</REF_OBJECT>
    </HIER_REF>
    <HIER_REF>
     <NODE_ID>BD258535B9BE1EDFA7AFBD2B70A9FFDC</NODE_ID>
     <REF_TYPE>TCOD</REF_TYPE>
     <REF_OBJECT>ZSDSMM044</REF_OBJECT>
    </HIER_REF>
    <HIER_REF>
     <NODE_ID>BD258535B9BE1EDFA7AFBD2B70AA1FDC</NODE_ID>
     <REF_TYPE>BMFR</REF_TYPE>
     <REF_OBJECT>HLA0009999</REF_OBJECT>
    </HIER_REF>
    <HIER_REF>
     <NODE_ID>BD258535B9BE1EDFA7AFBD2B70AA1FDC</NODE_ID>
     <REF_TYPE>TCOD</REF_TYPE>
     <REF_OBJECT>ZSDSMM045</REF_OBJECT>
    </HIER_REF>
    <HIER_REF>
     <NODE_ID>BD258535B9BE1EDFA7AFBD2B70AA3FDC</NODE_ID>
     <REF_TYPE>BMFR</REF_TYPE>
     <REF_OBJECT>HLA0009999</REF_OBJECT>
    </HIER_REF>
    <HIER_REF>
     <NODE_ID>BD258535B9BE1EDFA7AFBD2B70AA3FDC</NODE_ID>
     <REF_TYPE>TCOD</REF_TYPE>
     <REF_OBJECT>ZSDSMM046</REF_OBJECT>
    </HIER_REF>
    <HIER_REF>
     <NODE_ID>BD258535B9BE1EDFA7AFBD2B70AA5FDC</NODE_ID>
     <REF_TYPE>BMFR</REF_TYPE>
     <REF_OBJECT>HLA0009999</REF_OBJECT>
    </HIER_REF>
    <HIER_REF>
     <NODE_ID>BD258535B9BE1EDFA7AFBD2B70AA5FDC</NODE_ID>
     <REF_TYPE>TCOD</REF_TYPE>
     <REF_OBJECT>ZSDSMM047</REF_OBJECT>
    </HIER_REF>
    <HIER_REF>
     <NODE_ID>BD258535B9BE1EDFA7AFBD2B70AA7FDC</NODE_ID>
     <REF_TYPE>BMFR</REF_TYPE>
     <REF_OBJECT>HLA0009999</REF_OBJECT>
    </HIER_REF>
    <HIER_REF>
     <NODE_ID>BD258535B9BE1EDFA7AFBD2B70AA7FDC</NODE_ID>
     <REF_TYPE>TCOD</REF_TYPE>
     <REF_OBJECT>ZSDSMM048</REF_OBJECT>
    </HIER_REF>
    <HIER_REF>
     <NODE_ID>BD258535B9BE1EDFA7AFBD2B70AA9FDC</NODE_ID>
     <REF_TYPE>BMFR</REF_TYPE>
     <REF_OBJECT>HLA0009999</REF_OBJECT>
    </HIER_REF>
    <HIER_REF>
     <NODE_ID>BD258535B9BE1EDFA7AFBD2B70AA9FDC</NODE_ID>
     <REF_TYPE>TCOD</REF_TYPE>
     <REF_OBJECT>ZSDSMM049</REF_OBJECT>
    </HIER_REF>
    <HIER_REF>
     <NODE_ID>BD258535B9BE1EDFA7AFBD2B70AABFDC</NODE_ID>
     <REF_TYPE>BMFR</REF_TYPE>
     <REF_OBJECT>HLA0009999</REF_OBJECT>
    </HIER_REF>
    <HIER_REF>
     <NODE_ID>BD258535B9BE1EDFA7AFBD2B70AABFDC</NODE_ID>
     <REF_TYPE>TCOD</REF_TYPE>
     <REF_OBJECT>ZSDSMM050</REF_OBJECT>
    </HIER_REF>
    <HIER_REF>
     <NODE_ID>BD258535B9BE1EDFA7AFC12ABBDEFFDC</NODE_ID>
     <REF_TYPE>BMFR</REF_TYPE>
     <REF_OBJECT>HLA0009999</REF_OBJECT>
    </HIER_REF>
    <HIER_REF>
     <NODE_ID>BD258535B9BE1EDFA7AFC12ABBDEFFDC</NODE_ID>
     <REF_TYPE>TCOD</REF_TYPE>
     <REF_OBJECT>ZSDSPS001</REF_OBJECT>
    </HIER_REF>
    <HIER_REF>
     <NODE_ID>BD258535B9BE1EDFA7AFC12ABBDF1FDC</NODE_ID>
     <REF_TYPE>BMFR</REF_TYPE>
     <REF_OBJECT>HLA0009999</REF_OBJECT>
    </HIER_REF>
    <HIER_REF>
     <NODE_ID>BD258535B9BE1EDFA7AFC12ABBDF1FDC</NODE_ID>
     <REF_TYPE>TCOD</REF_TYPE>
     <REF_OBJECT>ZSDSPS002</REF_OBJECT>
    </HIER_REF>
    <HIER_REF>
     <NODE_ID>BD258535B9BE1EDFA7AFC12ABBDF3FDC</NODE_ID>
     <REF_TYPE>BMFR</REF_TYPE>
     <REF_OBJECT>HLA0009999</REF_OBJECT>
    </HIER_REF>
    <HIER_REF>
     <NODE_ID>BD258535B9BE1EDFA7AFC12ABBDF3FDC</NODE_ID>
     <REF_TYPE>TCOD</REF_TYPE>
     <REF_OBJECT>ZSDSPS003</REF_OBJECT>
    </HIER_REF>
    <HIER_REF>
     <NODE_ID>BD258535B9BE1EDFA7AFC12ABBDF5FDC</NODE_ID>
     <REF_TYPE>BMFR</REF_TYPE>
     <REF_OBJECT>HLA0009999</REF_OBJECT>
    </HIER_REF>
    <HIER_REF>
     <NODE_ID>BD258535B9BE1EDFA7AFC12ABBDF5FDC</NODE_ID>
     <REF_TYPE>REPD</REF_TYPE>
    </HIER_REF>
    <HIER_REF>
     <NODE_ID>BD258535B9BE1EDFA7AFC12ABBDF5FDC</NODE_ID>
     <REF_TYPE>TCOD</REF_TYPE>
     <REF_OBJECT>ZSDSPS004</REF_OBJECT>
    </HIER_REF>
    <HIER_REF>
     <NODE_ID>BD258535B9BE1EDFA7AFC56E1E5A5FDC</NODE_ID>
     <REF_TYPE>BMFR</REF_TYPE>
     <REF_OBJECT>HLA0009999</REF_OBJECT>
    </HIER_REF>
    <HIER_REF>
     <NODE_ID>BD258535B9BE1EDFA7AFC56E1E5A5FDC</NODE_ID>
     <REF_TYPE>TCOD</REF_TYPE>
     <REF_OBJECT>ZSDSSD001</REF_OBJECT>
    </HIER_REF>
    <HIER_REF>
     <NODE_ID>BD258535B9BE1EDFA7AFC56E1E5A7FDC</NODE_ID>
     <REF_TYPE>BMFR</REF_TYPE>
     <REF_OBJECT>HLA0009999</REF_OBJECT>
    </HIER_REF>
    <HIER_REF>
     <NODE_ID>BD258535B9BE1EDFA7AFC56E1E5A7FDC</NODE_ID>
     <REF_TYPE>TCOD</REF_TYPE>
     <REF_OBJECT>ZSDSSD002</REF_OBJECT>
    </HIER_REF>
    <HIER_REF>
     <NODE_ID>BD258535B9BE1EDFA7AFC56E1E5A9FDC</NODE_ID>
     <REF_TYPE>BMFR</REF_TYPE>
     <REF_OBJECT>HLA0009999</REF_OBJECT>
    </HIER_REF>
    <HIER_REF>
     <NODE_ID>BD258535B9BE1EDFA7AFC56E1E5A9FDC</NODE_ID>
     <REF_TYPE>TCOD</REF_TYPE>
     <REF_OBJECT>ZSDSSD003</REF_OBJECT>
    </HIER_REF>
    <HIER_REF>
     <NODE_ID>BD258535B9BE1EDFA7AFC56E1E5ABFDC</NODE_ID>
     <REF_TYPE>BMFR</REF_TYPE>
     <REF_OBJECT>HLA0009999</REF_OBJECT>
    </HIER_REF>
    <HIER_REF>
     <NODE_ID>BD258535B9BE1EDFA7AFC56E1E5ABFDC</NODE_ID>
     <REF_TYPE>TCOD</REF_TYPE>
     <REF_OBJECT>ZSDSSD004</REF_OBJECT>
    </HIER_REF>
    <HIER_REF>
     <NODE_ID>BD258535B9BE1EDFA7AFC56E1E5ADFDC</NODE_ID>
     <REF_TYPE>BMFR</REF_TYPE>
     <REF_OBJECT>HLA0009999</REF_OBJECT>
    </HIER_REF>
    <HIER_REF>
     <NODE_ID>BD258535B9BE1EDFA7AFC56E1E5ADFDC</NODE_ID>
     <REF_TYPE>TCOD</REF_TYPE>
     <REF_OBJECT>ZSDSSD005</REF_OBJECT>
    </HIER_REF>
    <HIER_REF>
     <NODE_ID>BD258535B9BE1EDFA7AFC56E1E5AFFDC</NODE_ID>
     <REF_TYPE>BMFR</REF_TYPE>
     <REF_OBJECT>HLA0009999</REF_OBJECT>
    </HIER_REF>
    <HIER_REF>
     <NODE_ID>BD258535B9BE1EDFA7AFC56E1E5AFFDC</NODE_ID>
     <REF_TYPE>TCOD</REF_TYPE>
     <REF_OBJECT>ZSDSSD006</REF_OBJECT>
    </HIER_REF>
    <HIER_REF>
     <NODE_ID>BD258535B9BE1EDFA7AFC56E1E5B1FDC</NODE_ID>
     <REF_TYPE>BMFR</REF_TYPE>
     <REF_OBJECT>HLA0009999</REF_OBJECT>
    </HIER_REF>
    <HIER_REF>
     <NODE_ID>BD258535B9BE1EDFA7AFC56E1E5B1FDC</NODE_ID>
     <REF_TYPE>TCOD</REF_TYPE>
     <REF_OBJECT>ZSDSSD007</REF_OBJECT>
    </HIER_REF>
    <HIER_REF>
     <NODE_ID>BD258535B9BE1EDFA7AFC56E1E5B3FDC</NODE_ID>
     <REF_TYPE>BMFR</REF_TYPE>
     <REF_OBJECT>HLA0009999</REF_OBJECT>
    </HIER_REF>
    <HIER_REF>
     <NODE_ID>BD258535B9BE1EDFA7AFC56E1E5B3FDC</NODE_ID>
     <REF_TYPE>TCOD</REF_TYPE>
     <REF_OBJECT>ZSDSSD008</REF_OBJECT>
    </HIER_REF>
    <HIER_REF>
     <NODE_ID>BD258535B9BE1EDFA7AFC56E1E5B5FDC</NODE_ID>
     <REF_TYPE>BMFR</REF_TYPE>
     <REF_OBJECT>HLA0009999</REF_OBJECT>
    </HIER_REF>
    <HIER_REF>
     <NODE_ID>BD258535B9BE1EDFA7AFC56E1E5B5FDC</NODE_ID>
     <REF_TYPE>TCOD</REF_TYPE>
     <REF_OBJECT>ZSDSSD009</REF_OBJECT>
    </HIER_REF>
    <HIER_REF>
     <NODE_ID>BD258535B9BE1EDFA7AFC56E1E5B7FDC</NODE_ID>
     <REF_TYPE>BMFR</REF_TYPE>
     <REF_OBJECT>HLA0009999</REF_OBJECT>
    </HIER_REF>
    <HIER_REF>
     <NODE_ID>BD258535B9BE1EDFA7AFC56E1E5B7FDC</NODE_ID>
     <REF_TYPE>TCOD</REF_TYPE>
     <REF_OBJECT>ZSDSSD010</REF_OBJECT>
    </HIER_REF>
    <HIER_REF>
     <NODE_ID>BD258535B9BE1EDFA7AFC56E1E5B9FDC</NODE_ID>
     <REF_TYPE>BMFR</REF_TYPE>
     <REF_OBJECT>HLA0009999</REF_OBJECT>
    </HIER_REF>
    <HIER_REF>
     <NODE_ID>BD258535B9BE1EDFA7AFC56E1E5B9FDC</NODE_ID>
     <REF_TYPE>TCOD</REF_TYPE>
     <REF_OBJECT>ZSDSSD011</REF_OBJECT>
    </HIER_REF>
    <HIER_REF>
     <NODE_ID>BD258535B9BE1EDFA7AFC56E1E5BBFDC</NODE_ID>
     <REF_TYPE>BMFR</REF_TYPE>
     <REF_OBJECT>HLA0009999</REF_OBJECT>
    </HIER_REF>
    <HIER_REF>
     <NODE_ID>BD258535B9BE1EDFA7AFC56E1E5BBFDC</NODE_ID>
     <REF_TYPE>TCOD</REF_TYPE>
     <REF_OBJECT>ZSDSSD012</REF_OBJECT>
    </HIER_REF>
    <HIER_REF>
     <NODE_ID>BD258535B9BE1EDFA7AFC56E1E5BDFDC</NODE_ID>
     <REF_TYPE>BMFR</REF_TYPE>
     <REF_OBJECT>HLA0009999</REF_OBJECT>
    </HIER_REF>
    <HIER_REF>
     <NODE_ID>BD258535B9BE1EDFA7AFC56E1E5BDFDC</NODE_ID>
     <REF_TYPE>TCOD</REF_TYPE>
     <REF_OBJECT>ZSDSSD013</REF_OBJECT>
    </HIER_REF>
    <HIER_REF>
     <NODE_ID>BD258535B9BE1EDFA7AFC56E1E5BFFDC</NODE_ID>
     <REF_TYPE>BMFR</REF_TYPE>
     <REF_OBJECT>HLA0009999</REF_OBJECT>
    </HIER_REF>
    <HIER_REF>
     <NODE_ID>BD258535B9BE1EDFA7AFC56E1E5BFFDC</NODE_ID>
     <REF_TYPE>TCOD</REF_TYPE>
     <REF_OBJECT>ZSDSSD014</REF_OBJECT>
    </HIER_REF>
    <HIER_REF>
     <NODE_ID>BD258535B9BE1EDFA7AFC56E1E5C1FDC</NODE_ID>
     <REF_TYPE>BMFR</REF_TYPE>
     <REF_OBJECT>HLA0009999</REF_OBJECT>
    </HIER_REF>
    <HIER_REF>
     <NODE_ID>BD258535B9BE1EDFA7AFC56E1E5C1FDC</NODE_ID>
     <REF_TYPE>TCOD</REF_TYPE>
     <REF_OBJECT>ZSDSSD015</REF_OBJECT>
    </HIER_REF>
    <HIER_REF>
     <NODE_ID>BD258535B9BE1EDFA7AFC56E1E5C3FDC</NODE_ID>
     <REF_TYPE>BMFR</REF_TYPE>
     <REF_OBJECT>HLA0009999</REF_OBJECT>
    </HIER_REF>
    <HIER_REF>
     <NODE_ID>BD258535B9BE1EDFA7AFC56E1E5C3FDC</NODE_ID>
     <REF_TYPE>TCOD</REF_TYPE>
     <REF_OBJECT>ZSDSSD016</REF_OBJECT>
    </HIER_REF>
    <HIER_REF>
     <NODE_ID>BD258535B9BE1EDFA7AFC56E1E5C5FDC</NODE_ID>
     <REF_TYPE>BMFR</REF_TYPE>
     <REF_OBJECT>HLA0009999</REF_OBJECT>
    </HIER_REF>
    <HIER_REF>
     <NODE_ID>BD258535B9BE1EDFA7AFC56E1E5C5FDC</NODE_ID>
     <REF_TYPE>TCOD</REF_TYPE>
     <REF_OBJECT>ZSDSSD017</REF_OBJECT>
    </HIER_REF>
    <HIER_REF>
     <NODE_ID>BD258535B9BE1EDFA7AFC56E1E5C7FDC</NODE_ID>
     <REF_TYPE>BMFR</REF_TYPE>
     <REF_OBJECT>HLA0009999</REF_OBJECT>
    </HIER_REF>
    <HIER_REF>
     <NODE_ID>BD258535B9BE1EDFA7AFC56E1E5C7FDC</NODE_ID>
     <REF_TYPE>TCOD</REF_TYPE>
     <REF_OBJECT>ZSDSSD018</REF_OBJECT>
    </HIER_REF>
    <HIER_REF>
     <NODE_ID>BD258535B9BE1EDFA7AFC56E1E5C9FDC</NODE_ID>
     <REF_TYPE>BMFR</REF_TYPE>
     <REF_OBJECT>HLA0009999</REF_OBJECT>
    </HIER_REF>
    <HIER_REF>
     <NODE_ID>BD258535B9BE1EDFA7AFC56E1E5C9FDC</NODE_ID>
     <REF_TYPE>TCOD</REF_TYPE>
     <REF_OBJECT>ZSDSSD019</REF_OBJECT>
    </HIER_REF>
    <HIER_REF>
     <NODE_ID>BD258535B9BE1EDFA7AFC56E1E5CBFDC</NODE_ID>
     <REF_TYPE>BMFR</REF_TYPE>
     <REF_OBJECT>HLA0009999</REF_OBJECT>
    </HIER_REF>
    <HIER_REF>
     <NODE_ID>BD258535B9BE1EDFA7AFC56E1E5CBFDC</NODE_ID>
     <REF_TYPE>TCOD</REF_TYPE>
     <REF_OBJECT>ZSDSSD020</REF_OBJECT>
    </HIER_REF>
    <HIER_REF>
     <NODE_ID>BD258535B9BE1EDFA7AFC56E1E5CDFDC</NODE_ID>
     <REF_TYPE>BMFR</REF_TYPE>
     <REF_OBJECT>HLA0009999</REF_OBJECT>
    </HIER_REF>
    <HIER_REF>
     <NODE_ID>BD258535B9BE1EDFA7AFC56E1E5CDFDC</NODE_ID>
     <REF_TYPE>TCOD</REF_TYPE>
     <REF_OBJECT>ZSDSSD021</REF_OBJECT>
    </HIER_REF>
    <HIER_REF>
     <NODE_ID>BD258535B9BE1EDFA7AFC56E1E5CFFDC</NODE_ID>
     <REF_TYPE>BMFR</REF_TYPE>
     <REF_OBJECT>HLA0009999</REF_OBJECT>
    </HIER_REF>
    <HIER_REF>
     <NODE_ID>BD258535B9BE1EDFA7AFC56E1E5CFFDC</NODE_ID>
     <REF_TYPE>TCOD</REF_TYPE>
     <REF_OBJECT>ZSDSSD022</REF_OBJECT>
    </HIER_REF>
    <HIER_REF>
     <NODE_ID>BD258535B9BE1EDFA7AFC56E1E5D1FDC</NODE_ID>
     <REF_TYPE>BMFR</REF_TYPE>
     <REF_OBJECT>HLA0009999</REF_OBJECT>
    </HIER_REF>
    <HIER_REF>
     <NODE_ID>BD258535B9BE1EDFA7AFC56E1E5D1FDC</NODE_ID>
     <REF_TYPE>TCOD</REF_TYPE>
     <REF_OBJECT>ZSDSSD023</REF_OBJECT>
    </HIER_REF>
    <HIER_REF>
     <NODE_ID>BD258535B9BE1EDFA7AFC56E1E5D3FDC</NODE_ID>
     <REF_TYPE>BMFR</REF_TYPE>
     <REF_OBJECT>HLA0009999</REF_OBJECT>
    </HIER_REF>
    <HIER_REF>
     <NODE_ID>BD258535B9BE1EDFA7AFC56E1E5D3FDC</NODE_ID>
     <REF_TYPE>TCOD</REF_TYPE>
     <REF_OBJECT>ZSDSSD024</REF_OBJECT>
    </HIER_REF>
    <HIER_REF>
     <NODE_ID>BD258535B9BE1EDFA7AFC56E1E5D5FDC</NODE_ID>
     <REF_TYPE>BMFR</REF_TYPE>
     <REF_OBJECT>HLA0009999</REF_OBJECT>
    </HIER_REF>
    <HIER_REF>
     <NODE_ID>BD258535B9BE1EDFA7AFC56E1E5D5FDC</NODE_ID>
     <REF_TYPE>TCOD</REF_TYPE>
     <REF_OBJECT>ZSDSSD025</REF_OBJECT>
    </HIER_REF>
    <HIER_REF>
     <NODE_ID>BD258535B9BE1EDFA7AFC56E1E5D7FDC</NODE_ID>
     <REF_TYPE>BMFR</REF_TYPE>
     <REF_OBJECT>HLA0009999</REF_OBJECT>
    </HIER_REF>
    <HIER_REF>
     <NODE_ID>BD258535B9BE1EDFA7AFC56E1E5D7FDC</NODE_ID>
     <REF_TYPE>TCOD</REF_TYPE>
     <REF_OBJECT>ZSDSSD026</REF_OBJECT>
    </HIER_REF>
    <HIER_REF>
     <NODE_ID>BD258535B9BE1EDFA7AFC56E1E5D9FDC</NODE_ID>
     <REF_TYPE>BMFR</REF_TYPE>
     <REF_OBJECT>HLA0009999</REF_OBJECT>
    </HIER_REF>
    <HIER_REF>
     <NODE_ID>BD258535B9BE1EDFA7AFC56E1E5D9FDC</NODE_ID>
     <REF_TYPE>TCOD</REF_TYPE>
     <REF_OBJECT>ZSDSSD027</REF_OBJECT>
    </HIER_REF>
    <HIER_REF>
     <NODE_ID>BD258535B9BE1EDFA7AFC56E1E5DBFDC</NODE_ID>
     <REF_TYPE>BMFR</REF_TYPE>
     <REF_OBJECT>HLA0009999</REF_OBJECT>
    </HIER_REF>
    <HIER_REF>
     <NODE_ID>BD258535B9BE1EDFA7AFC56E1E5DBFDC</NODE_ID>
     <REF_TYPE>TCOD</REF_TYPE>
     <REF_OBJECT>ZSDSSD028</REF_OBJECT>
    </HIER_REF>
    <HIER_REF>
     <NODE_ID>BD258535B9BE1EDFA7AFC56E1E5DDFDC</NODE_ID>
     <REF_TYPE>BMFR</REF_TYPE>
     <REF_OBJECT>HLA0009999</REF_OBJECT>
    </HIER_REF>
    <HIER_REF>
     <NODE_ID>BD258535B9BE1EDFA7AFC56E1E5DDFDC</NODE_ID>
     <REF_TYPE>TCOD</REF_TYPE>
     <REF_OBJECT>ZSDSSD029</REF_OBJECT>
    </HIER_REF>
    <HIER_REF>
     <NODE_ID>BD258535B9BE1EDFA7AFC56E1E5DFFDC</NODE_ID>
     <REF_TYPE>BMFR</REF_TYPE>
     <REF_OBJECT>HLA0009999</REF_OBJECT>
    </HIER_REF>
    <HIER_REF>
     <NODE_ID>BD258535B9BE1EDFA7AFC56E1E5DFFDC</NODE_ID>
     <REF_TYPE>TCOD</REF_TYPE>
     <REF_OBJECT>ZSDSSD030</REF_OBJECT>
    </HIER_REF>
    <HIER_REF>
     <NODE_ID>BD258535B9BE1EDFA7AFC56E1E5E1FDC</NODE_ID>
     <REF_TYPE>BMFR</REF_TYPE>
     <REF_OBJECT>HLA0009999</REF_OBJECT>
    </HIER_REF>
    <HIER_REF>
     <NODE_ID>BD258535B9BE1EDFA7AFC56E1E5E1FDC</NODE_ID>
     <REF_TYPE>TCOD</REF_TYPE>
     <REF_OBJECT>ZSDSSD031</REF_OBJECT>
    </HIER_REF>
    <HIER_REF>
     <NODE_ID>BD258535B9BE1EDFA7AFC56E1E5E3FDC</NODE_ID>
     <REF_TYPE>BMFR</REF_TYPE>
     <REF_OBJECT>HLA0009999</REF_OBJECT>
    </HIER_REF>
    <HIER_REF>
     <NODE_ID>BD258535B9BE1EDFA7AFC56E1E5E3FDC</NODE_ID>
     <REF_TYPE>TCOD</REF_TYPE>
     <REF_OBJECT>ZSDSSD032</REF_OBJECT>
    </HIER_REF>
    <HIER_REF>
     <NODE_ID>BD258535B9BE1EDFA7AFC56E1E5E5FDC</NODE_ID>
     <REF_TYPE>BMFR</REF_TYPE>
     <REF_OBJECT>HLA0009999</REF_OBJECT>
    </HIER_REF>
    <HIER_REF>
     <NODE_ID>BD258535B9BE1EDFA7AFC56E1E5E5FDC</NODE_ID>
     <REF_TYPE>TCOD</REF_TYPE>
     <REF_OBJECT>ZSDSSD033</REF_OBJECT>
    </HIER_REF>
   </TREE_REFS>
   <TREE_TEXTS>
    <HIER_TEXTS>
     <SPRAS>E</SPRAS>
     <NODE_ID>BD258535B9BE1EDFA7AFC56E1E5B1FDC</NODE_ID>
     <TEXT>Export interface DO to SF</TEXT>
    </HIER_TEXTS>
    <HIER_TEXTS>
     <SPRAS>E</SPRAS>
     <NODE_ID>BD258535B9BE1EDFA7AFC56E1E5AFFDC</NODE_ID>
     <TEXT>Export interface Inv and CN to SF</TEXT>
    </HIER_TEXTS>
    <HIER_TEXTS>
     <SPRAS>E</SPRAS>
     <NODE_ID>BD258535B9BE1EDFA7AFC56E1E5ADFDC</NODE_ID>
     <TEXT>Status DO</TEXT>
    </HIER_TEXTS>
    <HIER_TEXTS>
     <SPRAS>E</SPRAS>
     <NODE_ID>BD258535B9BE1EDFA7AFC56E1E5ABFDC</NODE_ID>
     <TEXT>Delivery waiting issue invoice</TEXT>
    </HIER_TEXTS>
    <HIER_TEXTS>
     <SPRAS>E</SPRAS>
     <NODE_ID>BD258535B9BE1EDFA7AFC56E1E5A9FDC</NODE_ID>
     <TEXT>Order Confirmation</TEXT>
    </HIER_TEXTS>
    <HIER_TEXTS>
     <SPRAS>E</SPRAS>
     <NODE_ID>BD258535B9BE1EDFA7AFC56E1E5A7FDC</NODE_ID>
     <TEXT>Interface Price to Salesforce</TEXT>
    </HIER_TEXTS>
    <HIER_TEXTS>
     <SPRAS>E</SPRAS>
     <NODE_ID>BD258535B9BE1EDFA7AFC56E1E5A5FDC</NODE_ID>
     <TEXT>Output from Billing</TEXT>
    </HIER_TEXTS>
    <HIER_TEXTS>
     <SPRAS>E</SPRAS>
     <NODE_ID>BD258535B9BE1EDFA7AFC12ABBDF5FDC</NODE_ID>
     <TEXT>Project: Budget/Actual/Commitment</TEXT>
    </HIER_TEXTS>
    <HIER_TEXTS>
     <SPRAS>E</SPRAS>
     <NODE_ID>BD258535B9BE1EDFA7AFC12ABBDF3FDC</NODE_ID>
     <TEXT>set user status ‘WTEC’ of WBS</TEXT>
    </HIER_TEXTS>
    <HIER_TEXTS>
     <SPRAS>E</SPRAS>
     <NODE_ID>BD258535B9BE1EDFA7AFC12ABBDF1FDC</NODE_ID>
     <TEXT>Send Project/WBS CLSD to Salesforce</TEXT>
    </HIER_TEXTS>
    <HIER_TEXTS>
     <SPRAS>E</SPRAS>
     <NODE_ID>BD258535B9BE1EDFA7AFC12ABBDEFFDC</NODE_ID>
     <TEXT>Upload Project Structure/Plan/Budget</TEXT>
    </HIER_TEXTS>
    <HIER_TEXTS>
     <SPRAS>E</SPRAS>
     <NODE_ID>BD258535B9BE1EDFA7AFBD2B70AABFDC</NODE_ID>
     <TEXT>Program Upload serial Logistic</TEXT>
    </HIER_TEXTS>
    <HIER_TEXTS>
     <SPRAS>E</SPRAS>
     <NODE_ID>BD258535B9BE1EDFA7AFBD2B70AA9FDC</NODE_ID>
     <TEXT>Upload Serial No., normal case</TEXT>
    </HIER_TEXTS>
    <HIER_TEXTS>
     <SPRAS>E</SPRAS>
     <NODE_ID>BD258535B9BE1EDFA7AFBD2B70AA7FDC</NODE_ID>
     <TEXT>Send data Coating to Sony</TEXT>
    </HIER_TEXTS>
    <HIER_TEXTS>
     <SPRAS>E</SPRAS>
     <NODE_ID>BD258535B9BE1EDFA7AFBD2B70AA5FDC</NODE_ID>
     <TEXT>Program export Serial (E-DO Sony)</TEXT>
    </HIER_TEXTS>
    <HIER_TEXTS>
     <SPRAS>E</SPRAS>
     <NODE_ID>BD258535B9BE1EDFA7AFBD2B70AA3FDC</NODE_ID>
     <TEXT>Send Data Insullation to Sony</TEXT>
    </HIER_TEXTS>
    <HIER_TEXTS>
     <SPRAS>E</SPRAS>
     <NODE_ID>BD258535B9BE1EDFA7AFBD2B70AA1FDC</NODE_ID>
     <TEXT>Update PO Delivery Date</TEXT>
    </HIER_TEXTS>
    <HIER_TEXTS>
     <SPRAS>E</SPRAS>
     <NODE_ID>BD258535B9BE1EDFA7AFBD2B70A9FFDC</NODE_ID>
     <TEXT>Interface Spare Part usage CM Order</TEXT>
    </HIER_TEXTS>
    <HIER_TEXTS>
     <SPRAS>E</SPRAS>
     <NODE_ID>BD258535B9BE1EDFA7AFBD2B70A9DFDC</NODE_ID>
     <TEXT>Upload Serial Number</TEXT>
    </HIER_TEXTS>
    <HIER_TEXTS>
     <SPRAS>E</SPRAS>
     <NODE_ID>BD258535B9BE1EDFA7AFBD2B70A9BFDC</NODE_ID>
     <TEXT>Update Material Master By Excel</TEXT>
    </HIER_TEXTS>
    <HIER_TEXTS>
     <SPRAS>E</SPRAS>
     <NODE_ID>BD258535B9BE1EDFA7AFBD2B70A99FDC</NODE_ID>
     <TEXT>Release PR Other(Not approve by K2)</TEXT>
    </HIER_TEXTS>
    <HIER_TEXTS>
     <SPRAS>E</SPRAS>
     <NODE_ID>BD258535B9BE1EDFA7AFBD2B70A97FDC</NODE_ID>
     <TEXT>Interface data option</TEXT>
    </HIER_TEXTS>
    <HIER_TEXTS>
     <SPRAS>E</SPRAS>
     <NODE_ID>BD258535B9BE1EDFA7AFBD2B70A95FDC</NODE_ID>
     <TEXT>Upload Purchase Requisition</TEXT>
    </HIER_TEXTS>
    <HIER_TEXTS>
     <SPRAS>E</SPRAS>
     <NODE_ID>BD258535B9BE1EDFA7AFBD2B70A93FDC</NODE_ID>
     <TEXT>Split PO</TEXT>
    </HIER_TEXTS>
    <HIER_TEXTS>
     <SPRAS>E</SPRAS>
     <NODE_ID>BD258535B9BE1EDFA7AFBD2B70A91FDC</NODE_ID>
     <TEXT>Report PO</TEXT>
    </HIER_TEXTS>
    <HIER_TEXTS>
     <SPRAS>E</SPRAS>
     <NODE_ID>BD258535B9BE1EDFA7AFBD2B70A8FFDC</NODE_ID>
     <TEXT>Release PO(Status Compleated)</TEXT>
    </HIER_TEXTS>
    <HIER_TEXTS>
     <SPRAS>E</SPRAS>
     <NODE_ID>BD258535B9BE1EDFA7AFC56E1E5B3FDC</NODE_ID>
     <TEXT>Print DO no Serial by Customer</TEXT>
    </HIER_TEXTS>
    <HIER_TEXTS>
     <SPRAS>E</SPRAS>
     <NODE_ID>ZSDS_MAIN_T</NODE_ID>
     <TEXT>SDS Customized Menu</TEXT>
    </HIER_TEXTS>
    <HIER_TEXTS>
     <SPRAS>E</SPRAS>
     <NODE_ID>BD258535B9BE1EDFA7AFC56E1E5E5FDC</NODE_ID>
     <TEXT>Report status DO</TEXT>
    </HIER_TEXTS>
    <HIER_TEXTS>
     <SPRAS>E</SPRAS>
     <NODE_ID>BD258535B9BE1EDFA7AFC56E1E5E3FDC</NODE_ID>
     <TEXT>Maintain Billing Due List</TEXT>
    </HIER_TEXTS>
    <HIER_TEXTS>
     <SPRAS>E</SPRAS>
     <NODE_ID>BD258535B9BE1EDFA7AFC56E1E5E1FDC</NODE_ID>
     <TEXT>Billing Plan Report</TEXT>
    </HIER_TEXTS>
    <HIER_TEXTS>
     <SPRAS>E</SPRAS>
     <NODE_ID>BD258535B9BE1EDFA7AFC56E1E5DFFDC</NODE_ID>
     <TEXT>ETAX: Processing Log Report</TEXT>
    </HIER_TEXTS>
    <HIER_TEXTS>
     <SPRAS>E</SPRAS>
     <NODE_ID>BD258535B9BE1EDFA7AFC56E1E5DDFDC</NODE_ID>
     <TEXT>Packing List Report</TEXT>
    </HIER_TEXTS>
    <HIER_TEXTS>
     <SPRAS>E</SPRAS>
     <NODE_ID>BD258535B9BE1EDFA7AFC56E1E5DBFDC</NODE_ID>
     <TEXT>send manager approve to SF</TEXT>
    </HIER_TEXTS>
    <HIER_TEXTS>
     <SPRAS>E</SPRAS>
     <NODE_ID>BD258535B9BE1EDFA7AFC56E1E5D9FDC</NODE_ID>
     <TEXT>Condition Contract Rebate Upload</TEXT>
    </HIER_TEXTS>
    <HIER_TEXTS>
     <SPRAS>E</SPRAS>
     <NODE_ID>BD258535B9BE1EDFA7AFC56E1E5D7FDC</NODE_ID>
     <TEXT>Sales Group and Quota Group Mapping</TEXT>
    </HIER_TEXTS>
    <HIER_TEXTS>
     <SPRAS>E</SPRAS>
     <NODE_ID>BD258535B9BE1EDFA7AFC56E1E5D5FDC</NODE_ID>
     <TEXT>Electronic Tax Invoice</TEXT>
    </HIER_TEXTS>
    <HIER_TEXTS>
     <SPRAS>E</SPRAS>
     <NODE_ID>BD258535B9BE1EDFA7AFC56E1E5D3FDC</NODE_ID>
     <TEXT>Quota Report</TEXT>
    </HIER_TEXTS>
    <HIER_TEXTS>
     <SPRAS>E</SPRAS>
     <NODE_ID>BD258535B9BE1EDFA7AFC56E1E5D1FDC</NODE_ID>
     <TEXT>Print Warranty Card</TEXT>
    </HIER_TEXTS>
    <HIER_TEXTS>
     <SPRAS>E</SPRAS>
     <NODE_ID>BD258535B9BE1EDFA7AFC56E1E5CFFDC</NODE_ID>
     <TEXT>Register Warranty Master</TEXT>
    </HIER_TEXTS>
    <HIER_TEXTS>
     <SPRAS>E</SPRAS>
     <NODE_ID>BD258535B9BE1EDFA7AFC56E1E5CDFDC</NODE_ID>
     <TEXT>Picking Customer No Serial</TEXT>
    </HIER_TEXTS>
    <HIER_TEXTS>
     <SPRAS>E</SPRAS>
     <NODE_ID>BD258535B9BE1EDFA7AFC56E1E5CBFDC</NODE_ID>
     <TEXT>Picking Sales Group,Office No serial</TEXT>
    </HIER_TEXTS>
    <HIER_TEXTS>
     <SPRAS>E</SPRAS>
     <NODE_ID>BD258535B9BE1EDFA7AFC56E1E5C9FDC</NODE_ID>
     <TEXT>Sales Order Status Report</TEXT>
    </HIER_TEXTS>
    <HIER_TEXTS>
     <SPRAS>E</SPRAS>
     <NODE_ID>BD258535B9BE1EDFA7AFC56E1E5C7FDC</NODE_ID>
     <TEXT>Upload Quota Plan</TEXT>
    </HIER_TEXTS>
    <HIER_TEXTS>
     <SPRAS>E</SPRAS>
     <NODE_ID>BD258535B9BE1EDFA7AFC56E1E5C5FDC</NODE_ID>
     <TEXT>Upload Open Sales Order</TEXT>
    </HIER_TEXTS>
    <HIER_TEXTS>
     <SPRAS>E</SPRAS>
     <NODE_ID>BD258535B9BE1EDFA7AFC56E1E5C3FDC</NODE_ID>
     <TEXT>Upload Open Quotation</TEXT>
    </HIER_TEXTS>
    <HIER_TEXTS>
     <SPRAS>E</SPRAS>
     <NODE_ID>BD258535B9BE1EDFA7AFC56E1E5C1FDC</NODE_ID>
     <TEXT>SDS: Sales Analysis Report</TEXT>
    </HIER_TEXTS>
    <HIER_TEXTS>
     <SPRAS>E</SPRAS>
     <NODE_ID>BD258535B9BE1EDFA7AFC56E1E5BFFDC</NODE_ID>
     <TEXT>Create Shipment Document</TEXT>
    </HIER_TEXTS>
    <HIER_TEXTS>
     <SPRAS>E</SPRAS>
     <NODE_ID>BD258535B9BE1EDFA7AFC56E1E5BDFDC</NODE_ID>
     <TEXT>Send schedule line status to SF</TEXT>
    </HIER_TEXTS>
    <HIER_TEXTS>
     <SPRAS>E</SPRAS>
     <NODE_ID>BD258535B9BE1EDFA7AFC56E1E5BBFDC</NODE_ID>
     <TEXT>Manager: Unlock SO Sched lines</TEXT>
    </HIER_TEXTS>
    <HIER_TEXTS>
     <SPRAS>E</SPRAS>
     <NODE_ID>BD258535B9BE1EDFA7AFC56E1E5B9FDC</NODE_ID>
     <TEXT>CO Oper: Unlock SO Sched lines</TEXT>
    </HIER_TEXTS>
    <HIER_TEXTS>
     <SPRAS>E</SPRAS>
     <NODE_ID>BD258535B9BE1EDFA7AFC56E1E5B7FDC</NODE_ID>
     <TEXT>Post AR to special G/L- Billing</TEXT>
    </HIER_TEXTS>
    <HIER_TEXTS>
     <SPRAS>E</SPRAS>
     <NODE_ID>BD258535B9BE1EDFA7AFC56E1E5B5FDC</NODE_ID>
     <TEXT>DO no Serial by Sales Group Ofiice</TEXT>
    </HIER_TEXTS>
    <HIER_TEXTS>
     <SPRAS>E</SPRAS>
     <NODE_ID>BD258535B9BE1EDFA7AFBD2B70A8DFDC</NODE_ID>
     <TEXT>Main Process PO</TEXT>
    </HIER_TEXTS>
    <HIER_TEXTS>
     <SPRAS>E</SPRAS>
     <NODE_ID>BD258535B9BE1EDFA7AFBD2B70A55FDC</NODE_ID>
     <TEXT>Program to add condition types PO</TEXT>
    </HIER_TEXTS>
    <HIER_TEXTS>
     <SPRAS>E</SPRAS>
     <NODE_ID>BD258535B9BE1EDFA7AFBD2B70A53FDC</NODE_ID>
     <TEXT>Visibility of Delivery from DIT</TEXT>
    </HIER_TEXTS>
    <HIER_TEXTS>
     <SPRAS>E</SPRAS>
     <NODE_ID>BD258535B9BE1EDFA7AFBD2B70A51FDC</NODE_ID>
     <TEXT>Ukeharai Report (New)</TEXT>
    </HIER_TEXTS>
    <HIER_TEXTS>
     <SPRAS>E</SPRAS>
     <NODE_ID>BD258535B9BE1EDFA7AFBD2B70A4FFDC</NODE_ID>
     <TEXT>Export Serial</TEXT>
    </HIER_TEXTS>
    <HIER_TEXTS>
     <SPRAS>E</SPRAS>
     <NODE_ID>BD258535B9BE1EDFA7AFBD2B70A4DFDC</NODE_ID>
     <TEXT>Upload Serial Number</TEXT>
    </HIER_TEXTS>
    <HIER_TEXTS>
     <SPRAS>E</SPRAS>
     <NODE_ID>BD258535B9BE1EDFA7AFBD2B70A4BFDC</NODE_ID>
     <TEXT>Transaction Historical report</TEXT>
    </HIER_TEXTS>
    <HIER_TEXTS>
     <SPRAS>E</SPRAS>
     <NODE_ID>BD258535B9BE1EDFA7AFBD2B70A49FDC</NODE_ID>
     <TEXT>Spare Part Group</TEXT>
    </HIER_TEXTS>
    <HIER_TEXTS>
     <SPRAS>E</SPRAS>
     <NODE_ID>BD258535B9BE1EDFA7AFB50B2226FFDC</NODE_ID>
     <TEXT>SDS Statical key figure report</TEXT>
    </HIER_TEXTS>
    <HIER_TEXTS>
     <SPRAS>E</SPRAS>
     <NODE_ID>BD258535B9BE1EDFA7AFB50B2226DFDC</NODE_ID>
     <TEXT>Program to adjust PCA for Serv.Proj</TEXT>
    </HIER_TEXTS>
    <HIER_TEXTS>
     <SPRAS>E</SPRAS>
     <NODE_ID>BD258535B9BE1EDFA7AFB50B2226BFDC</NODE_ID>
     <TEXT>IO Planning and Budget Return</TEXT>
    </HIER_TEXTS>
    <HIER_TEXTS>
     <SPRAS>E</SPRAS>
     <NODE_ID>BD258535B9BE1EDFA7AFB50B22269FDC</NODE_ID>
     <TEXT>Transfer CO plan data to CO tables</TEXT>
    </HIER_TEXTS>
    <HIER_TEXTS>
     <SPRAS>E</SPRAS>
     <NODE_ID>BD258535B9BE1EDFA7AFB50B22267FDC</NODE_ID>
     <TEXT>Transfer CO plan data to ACDOCP</TEXT>
    </HIER_TEXTS>
    <HIER_TEXTS>
     <SPRAS>E</SPRAS>
     <NODE_ID>BD258535B9BE1EDFA7AFB1E0026C1FDC</NODE_ID>
     <TEXT>Out-bound Warranty to Saleforce</TEXT>
    </HIER_TEXTS>
    <HIER_TEXTS>
     <SPRAS>E</SPRAS>
     <NODE_ID>BD258535B9BE1EDFA7AFB1E0026BFFDC</NODE_ID>
     <TEXT>Warranty Letter</TEXT>
    </HIER_TEXTS>
    <HIER_TEXTS>
     <SPRAS>E</SPRAS>
     <NODE_ID>BD258535B9BE1EDFA7AFB1E0026BDFDC</NODE_ID>
     <TEXT>Update Warranty (Install/Commission)</TEXT>
    </HIER_TEXTS>
    <HIER_TEXTS>
     <SPRAS>E</SPRAS>
     <NODE_ID>BD258535B9BE1EDFA7AFB1E0026BBFDC</NODE_ID>
     <TEXT>Material Warranty</TEXT>
    </HIER_TEXTS>
    <HIER_TEXTS>
     <SPRAS>E</SPRAS>
     <NODE_ID>BD258535B9BE1EDFA7AFB1E0026B9FDC</NODE_ID>
     <TEXT>Warranty Package</TEXT>
    </HIER_TEXTS>
    <HIER_TEXTS>
     <SPRAS>E</SPRAS>
     <NODE_ID>BD258535B9BE1EDFA7AFAA2568F2BFDC</NODE_ID>
     <TEXT>SD</TEXT>
    </HIER_TEXTS>
    <HIER_TEXTS>
     <SPRAS>E</SPRAS>
     <NODE_ID>BD258535B9BE1EDFA7AFAA2568F29FDC</NODE_ID>
     <TEXT>PS</TEXT>
    </HIER_TEXTS>
    <HIER_TEXTS>
     <SPRAS>E</SPRAS>
     <NODE_ID>BD258535B9BE1EDFA7AFAA0421195FDC</NODE_ID>
     <TEXT>MM</TEXT>
    </HIER_TEXTS>
    <HIER_TEXTS>
     <SPRAS>E</SPRAS>
     <NODE_ID>BD258535B9BE1EDFA7AFAA0421193FDC</NODE_ID>
     <TEXT>FSCM</TEXT>
    </HIER_TEXTS>
    <HIER_TEXTS>
     <SPRAS>E</SPRAS>
     <NODE_ID>BD258535B9BE1EDFA7AFAA0421191FDC</NODE_ID>
     <TEXT>FI-GL</TEXT>
    </HIER_TEXTS>
    <HIER_TEXTS>
     <SPRAS>E</SPRAS>
     <NODE_ID>BD258535B9BE1EDFA7AFAA042118FFDC</NODE_ID>
     <TEXT>FI-AR</TEXT>
    </HIER_TEXTS>
    <HIER_TEXTS>
     <SPRAS>E</SPRAS>
     <NODE_ID>BD258535B9BE1EDFA7AFAA042118DFDC</NODE_ID>
     <TEXT>FI-AP</TEXT>
    </HIER_TEXTS>
    <HIER_TEXTS>
     <SPRAS>E</SPRAS>
     <NODE_ID>BD258535B9BE1EDFA7AFAA042118BFDC</NODE_ID>
     <TEXT>CO</TEXT>
    </HIER_TEXTS>
    <HIER_TEXTS>
     <SPRAS>E</SPRAS>
     <NODE_ID>BD258535B9BE1EDFA7AFAA0421189FDC</NODE_ID>
     <TEXT>CM</TEXT>
    </HIER_TEXTS>
    <HIER_TEXTS>
     <SPRAS>E</SPRAS>
     <NODE_ID>BD258535B9BE1EDFA7AFBD2B70A57FDC</NODE_ID>
     <TEXT>New available FG&amp;SP stock</TEXT>
    </HIER_TEXTS>
    <HIER_TEXTS>
     <SPRAS>E</SPRAS>
     <NODE_ID>BD258535B9BE1EDFA7AFBD2B70A8BFDC</NODE_ID>
     <TEXT>Stock on Posting Period</TEXT>
    </HIER_TEXTS>
    <HIER_TEXTS>
     <SPRAS>E</SPRAS>
     <NODE_ID>BD258535B9BE1EDFA7AFBD2B70A89FDC</NODE_ID>
     <TEXT>Download PO</TEXT>
    </HIER_TEXTS>
    <HIER_TEXTS>
     <SPRAS>E</SPRAS>
     <NODE_ID>BD258535B9BE1EDFA7AFBD2B70A87FDC</NODE_ID>
     <TEXT>Submit PO</TEXT>
    </HIER_TEXTS>
    <HIER_TEXTS>
     <SPRAS>E</SPRAS>
     <NODE_ID>BD258535B9BE1EDFA7AFBD2B70A85FDC</NODE_ID>
     <TEXT>PR Attached File</TEXT>
    </HIER_TEXTS>
    <HIER_TEXTS>
     <SPRAS>E</SPRAS>
     <NODE_ID>BD258535B9BE1EDFA7AFBD2B70A83FDC</NODE_ID>
     <TEXT>PR Process</TEXT>
    </HIER_TEXTS>
    <HIER_TEXTS>
     <SPRAS>E</SPRAS>
     <NODE_ID>BD258535B9BE1EDFA7AFBD2B70A81FDC</NODE_ID>
     <TEXT>Report PR</TEXT>
    </HIER_TEXTS>
    <HIER_TEXTS>
     <SPRAS>E</SPRAS>
     <NODE_ID>BD258535B9BE1EDFA7AFBD2B70A7FFDC</NODE_ID>
     <TEXT>Upload PO</TEXT>
    </HIER_TEXTS>
    <HIER_TEXTS>
     <SPRAS>E</SPRAS>
     <NODE_ID>BD258535B9BE1EDFA7AFBD2B70A7DFDC</NODE_ID>
     <TEXT>Retrieve data SONY SP Serial</TEXT>
    </HIER_TEXTS>
    <HIER_TEXTS>
     <SPRAS>E</SPRAS>
     <NODE_ID>BD258535B9BE1EDFA7AFBD2B70A7BFDC</NODE_ID>
     <TEXT>Export  I/F Mat master to My and dai</TEXT>
    </HIER_TEXTS>
    <HIER_TEXTS>
     <SPRAS>E</SPRAS>
     <NODE_ID>BD258535B9BE1EDFA7AFBD2B70A79FDC</NODE_ID>
     <TEXT>Report for check serial</TEXT>
    </HIER_TEXTS>
    <HIER_TEXTS>
     <SPRAS>E</SPRAS>
     <NODE_ID>BD258535B9BE1EDFA7AFBD2B70A77FDC</NODE_ID>
     <TEXT>Print Front PO</TEXT>
    </HIER_TEXTS>
    <HIER_TEXTS>
     <SPRAS>E</SPRAS>
     <NODE_ID>BD258535B9BE1EDFA7AFBD2B70A75FDC</NODE_ID>
     <TEXT>Export interface Equipment master</TEXT>
    </HIER_TEXTS>
    <HIER_TEXTS>
     <SPRAS>E</SPRAS>
     <NODE_ID>BD258535B9BE1EDFA7AFBD2B70A73FDC</NODE_ID>
     <TEXT>Export Daly Invoice th SMP</TEXT>
    </HIER_TEXTS>
    <HIER_TEXTS>
     <SPRAS>E</SPRAS>
     <NODE_ID>BD258535B9BE1EDFA7AFBD2B70A71FDC</NODE_ID>
     <TEXT>Export Daly DO and REDO to SMP</TEXT>
    </HIER_TEXTS>
    <HIER_TEXTS>
     <SPRAS>E</SPRAS>
     <NODE_ID>BD258535B9BE1EDFA7AFBD2B70A6FFDC</NODE_ID>
     <TEXT>Export Daly DO and REDO to SONY SP</TEXT>
    </HIER_TEXTS>
    <HIER_TEXTS>
     <SPRAS>E</SPRAS>
     <NODE_ID>BD258535B9BE1EDFA7AFBD2B70A6DFDC</NODE_ID>
     <TEXT>Export Daly Transfer STK SMP</TEXT>
    </HIER_TEXTS>
    <HIER_TEXTS>
     <SPRAS>E</SPRAS>
     <NODE_ID>BD258535B9BE1EDFA7AFBD2B70A6BFDC</NODE_ID>
     <TEXT>Print PR</TEXT>
    </HIER_TEXTS>
    <HIER_TEXTS>
     <SPRAS>E</SPRAS>
     <NODE_ID>BD258535B9BE1EDFA7AFBD2B70A69FDC</NODE_ID>
     <TEXT>Program interface STK to SMP and SP.</TEXT>
    </HIER_TEXTS>
    <HIER_TEXTS>
     <SPRAS>E</SPRAS>
     <NODE_ID>BD258535B9BE1EDFA7AFBD2B70A67FDC</NODE_ID>
     <TEXT>Bom Master Report</TEXT>
    </HIER_TEXTS>
    <HIER_TEXTS>
     <SPRAS>E</SPRAS>
     <NODE_ID>BD258535B9BE1EDFA7AFBD2B70A65FDC</NODE_ID>
     <TEXT>Material List Compare Prod.Hierarchy</TEXT>
    </HIER_TEXTS>
    <HIER_TEXTS>
     <SPRAS>E</SPRAS>
     <NODE_ID>BD258535B9BE1EDFA7AFBD2B70A63FDC</NODE_ID>
     <TEXT>Serial No of Picking information Son</TEXT>
    </HIER_TEXTS>
    <HIER_TEXTS>
     <SPRAS>E</SPRAS>
     <NODE_ID>BD258535B9BE1EDFA7AFBD2B70A61FDC</NODE_ID>
     <TEXT>Program Download Inbound/Outbound De</TEXT>
    </HIER_TEXTS>
    <HIER_TEXTS>
     <SPRAS>E</SPRAS>
     <NODE_ID>BD258535B9BE1EDFA7AFBD2B70A5FFDC</NODE_ID>
     <TEXT>Receipt Traveler / Expenses Approval</TEXT>
    </HIER_TEXTS>
    <HIER_TEXTS>
     <SPRAS>E</SPRAS>
     <NODE_ID>BD258535B9BE1EDFA7AFBD2B70A5DFDC</NODE_ID>
     <TEXT>Cancel release PO</TEXT>
    </HIER_TEXTS>
    <HIER_TEXTS>
     <SPRAS>E</SPRAS>
     <NODE_ID>BD258535B9BE1EDFA7AFBD2B70A5BFDC</NODE_ID>
     <TEXT>Upload Info Record</TEXT>
    </HIER_TEXTS>
    <HIER_TEXTS>
     <SPRAS>E</SPRAS>
     <NODE_ID>BD258535B9BE1EDFA7AFBD2B70A59FDC</NODE_ID>
     <TEXT>Comparison of Landed Costs for GR&amp;IR</TEXT>
    </HIER_TEXTS>
   </TREE_TEXTS>
  </asx:values>
 </asx:abap>
</abapGit>
