﻿<?xml version="1.0" encoding="utf-8"?>
<abapGit version="v1.0.0" serializer="LCL_OBJECT_DTEL" serializer_version="v1.0.0">
 <asx:abap xmlns:asx="http://www.sap.com/abapxml" version="1.0">
  <asx:values>
   <DD04V>
    <ROLLNAME>ZSDSDE_INTERREST</ROLLNAME>
    <DDLANGUAGE>E</DDLANGUAGE>
    <HEADLEN>55</HEADLEN>
    <SCRLEN1>10</SCRLEN1>
    <SCRLEN2>20</SCRLEN2>
    <SCRLEN3>40</SCRLEN3>
    <DDTEXT>Interrest Rate</DDTEXT>
    <REPTEXT>Interrest Rate</REPTEXT>
    <SCRTEXT_S>Interrest</SCRTEXT_S>
    <SCRTEXT_M>Interrest Rate</SCRTEXT_M>
    <SCRTEXT_L>Interrest Rate</SCRTEXT_L>
    <DTELMASTER>E</DTELMASTER>
    <DATATYPE>DEC</DATATYPE>
    <LENG>000010</LENG>
    <DECIMALS>000004</DECIMALS>
    <OUTPUTLEN>000012</OUTPUTLEN>
   </DD04V>
  </asx:values>
 </asx:abap>
</abapGit>
