﻿<?xml version="1.0" encoding="utf-8"?>
<abapGit version="v1.0.0" serializer="LCL_OBJECT_DTEL" serializer_version="v1.0.0">
 <asx:abap xmlns:asx="http://www.sap.com/abapxml" version="1.0">
  <asx:values>
   <DD04V>
    <ROLLNAME>ZSDSDE_DATA_STRUC</ROLLNAME>
    <DDLANGUAGE>E</DDLANGUAGE>
    <DOMNAME>AS4TAB</DOMNAME>
    <HEADLEN>20</HEADLEN>
    <SCRLEN1>10</SCRLEN1>
    <SCRLEN2>20</SCRLEN2>
    <SCRLEN3>30</SCRLEN3>
    <DDTEXT>Data Structure</DDTEXT>
    <REPTEXT>Data Structure</REPTEXT>
    <SCRTEXT_S>Data Struc</SCRTEXT_S>
    <SCRTEXT_M>Data Structure</SCRTEXT_M>
    <SCRTEXT_L>Data Structure</SCRTEXT_L>
    <DTELMASTER>E</DTELMASTER>
    <REFKIND>D</REFKIND>
   </DD04V>
  </asx:values>
 </asx:abap>
</abapGit>
