﻿<?xml version="1.0" encoding="utf-8"?>
<abapGit version="v1.0.0" serializer="LCL_OBJECT_TABL" serializer_version="v1.0.0">
 <asx:abap xmlns:asx="http://www.sap.com/abapxml" version="1.0">
  <asx:values>
   <DD02V>
    <TABNAME>ZSDSCAS007</TABNAME>
    <DDLANGUAGE>E</DDLANGUAGE>
    <TABCLASS>INTTAB</TABCLASS>
    <DDTEXT>SDS: REST Processing Report</DDTEXT>
    <EXCLASS>1</EXCLASS>
   </DD02V>
   <DD03P_TABLE>
    <DD03P>
     <FIELDNAME>INTFNO</FIELDNAME>
     <ROLLNAME>ZSDSDE_INTFNO</ROLLNAME>
     <ADMINFIELD>0</ADMINFIELD>
     <SHLPORIGIN>D</SHLPORIGIN>
     <COMPTYPE>E</COMPTYPE>
    </DD03P>
    <DD03P>
     <FIELDNAME>GJAHR</FIELDNAME>
     <ROLLNAME>GJAHR</ROLLNAME>
     <ADMINFIELD>0</ADMINFIELD>
     <COMPTYPE>E</COMPTYPE>
    </DD03P>
    <DD03P>
     <FIELDNAME>REQNO</FIELDNAME>
     <ROLLNAME>ZSDSDE_REST_REQNO</ROLLNAME>
     <ADMINFIELD>0</ADMINFIELD>
     <COMPTYPE>E</COMPTYPE>
    </DD03P>
    <DD03P>
     <FIELDNAME>KEYDATA</FIELDNAME>
     <ROLLNAME>ZSDSDE_KEYDATA</ROLLNAME>
     <ADMINFIELD>0</ADMINFIELD>
     <COMPTYPE>E</COMPTYPE>
    </DD03P>
    <DD03P>
     <FIELDNAME>USNAM</FIELDNAME>
     <ROLLNAME>ZSDSDE_USNAM</ROLLNAME>
     <ADMINFIELD>0</ADMINFIELD>
     <SHLPORIGIN>X</SHLPORIGIN>
     <COMPTYPE>E</COMPTYPE>
    </DD03P>
    <DD03P>
     <FIELDNAME>STDAT</FIELDNAME>
     <ROLLNAME>ZSDSDE_STDAT</ROLLNAME>
     <ADMINFIELD>0</ADMINFIELD>
     <SHLPORIGIN>T</SHLPORIGIN>
     <COMPTYPE>E</COMPTYPE>
    </DD03P>
    <DD03P>
     <FIELDNAME>STTIM</FIELDNAME>
     <ROLLNAME>ZSDSDE_STTIM</ROLLNAME>
     <ADMINFIELD>0</ADMINFIELD>
     <SHLPORIGIN>T</SHLPORIGIN>
     <COMPTYPE>E</COMPTYPE>
    </DD03P>
    <DD03P>
     <FIELDNAME>ENDAT</FIELDNAME>
     <ROLLNAME>ZSDSDE_ENDAT</ROLLNAME>
     <ADMINFIELD>0</ADMINFIELD>
     <SHLPORIGIN>T</SHLPORIGIN>
     <COMPTYPE>E</COMPTYPE>
    </DD03P>
    <DD03P>
     <FIELDNAME>ENTIM</FIELDNAME>
     <ROLLNAME>ZSDSDE_ENTIM</ROLLNAME>
     <ADMINFIELD>0</ADMINFIELD>
     <SHLPORIGIN>T</SHLPORIGIN>
     <COMPTYPE>E</COMPTYPE>
    </DD03P>
    <DD03P>
     <FIELDNAME>EXETM</FIELDNAME>
     <ROLLNAME>ZSDSDE_EXETM</ROLLNAME>
     <ADMINFIELD>0</ADMINFIELD>
     <COMPTYPE>E</COMPTYPE>
    </DD03P>
    <DD03P>
     <FIELDNAME>HTTP_CODE</FIELDNAME>
     <ROLLNAME>ZSDSDE_HTTP_CODE</ROLLNAME>
     <ADMINFIELD>0</ADMINFIELD>
     <COMPTYPE>E</COMPTYPE>
    </DD03P>
    <DD03P>
     <FIELDNAME>HTTP_REASON</FIELDNAME>
     <ROLLNAME>ZSDSDE_HTTP_REASON</ROLLNAME>
     <ADMINFIELD>0</ADMINFIELD>
     <COMPTYPE>E</COMPTYPE>
    </DD03P>
    <DD03P>
     <FIELDNAME>STATUS</FIELDNAME>
     <ROLLNAME>ZSDSDE_REST_STATUS</ROLLNAME>
     <ADMINFIELD>0</ADMINFIELD>
     <VALEXI>X</VALEXI>
     <SHLPORIGIN>F</SHLPORIGIN>
     <COMPTYPE>E</COMPTYPE>
    </DD03P>
    <DD03P>
     <FIELDNAME>MESSAGE</FIELDNAME>
     <ROLLNAME>ZSDSDE_REST_MESSAGE</ROLLNAME>
     <ADMINFIELD>0</ADMINFIELD>
     <COMPTYPE>E</COMPTYPE>
    </DD03P>
    <DD03P>
     <FIELDNAME>BT_REQ_JSON</FIELDNAME>
     <ROLLNAME>ICON_D</ROLLNAME>
     <ADMINFIELD>0</ADMINFIELD>
     <COMPTYPE>E</COMPTYPE>
    </DD03P>
    <DD03P>
     <FIELDNAME>BT_RES_JSON</FIELDNAME>
     <ROLLNAME>ICON_D</ROLLNAME>
     <ADMINFIELD>0</ADMINFIELD>
     <COMPTYPE>E</COMPTYPE>
    </DD03P>
    <DD03P>
     <FIELDNAME>BT_ERR_HTML</FIELDNAME>
     <ROLLNAME>ICON_D</ROLLNAME>
     <ADMINFIELD>0</ADMINFIELD>
     <COMPTYPE>E</COMPTYPE>
    </DD03P>
   </DD03P_TABLE>
   <DD35V_TALE>
    <DD35V>
     <FIELDNAME>USNAM</FIELDNAME>
     <SHLPNAME>USER_COMP</SHLPNAME>
    </DD35V>
   </DD35V_TALE>
   <DD36M>
    <DD36M>
     <FIELDNAME>USNAM</FIELDNAME>
     <SHLPNAME>USER_COMP</SHLPNAME>
     <SHLPFIELD>ACCNT</SHLPFIELD>
     <FLPOSITION>0005</FLPOSITION>
     <SHTYPE>G</SHTYPE>
     <SHLPINPUT>X</SHLPINPUT>
     <ROLLNAME>XUACCNT</ROLLNAME>
     <DOMNAME>XUACCNT</DOMNAME>
     <DATATYPE>CHAR</DATATYPE>
     <LENG>000012</LENG>
    </DD36M>
    <DD36M>
     <FIELDNAME>USNAM</FIELDNAME>
     <SHLPNAME>USER_COMP</SHLPNAME>
     <SHLPFIELD>AGR_NAME</SHLPFIELD>
     <FLPOSITION>0007</FLPOSITION>
     <SHTYPE>G</SHTYPE>
     <SHLPINPUT>X</SHLPINPUT>
     <ROLLNAME>AGR_NAME</ROLLNAME>
     <DOMNAME>AGR_NAME</DOMNAME>
     <DATATYPE>CHAR</DATATYPE>
     <LENG>000030</LENG>
    </DD36M>
    <DD36M>
     <FIELDNAME>USNAM</FIELDNAME>
     <SHLPNAME>USER_COMP</SHLPNAME>
     <SHLPFIELD>BNAME</SHLPFIELD>
     <FLPOSITION>0011</FLPOSITION>
     <SHTABLE>ZSDSCAS007</SHTABLE>
     <SHFIELD>USNAM</SHFIELD>
     <SHLPINPUT>X</SHLPINPUT>
     <SHLPOUTPUT>X</SHLPOUTPUT>
     <ROLLNAME>XUBNAME</ROLLNAME>
     <DOMNAME>XUBNAME</DOMNAME>
     <DATATYPE>CHAR</DATATYPE>
     <LENG>000012</LENG>
    </DD36M>
    <DD36M>
     <FIELDNAME>USNAM</FIELDNAME>
     <SHLPNAME>USER_COMP</SHLPNAME>
     <SHLPFIELD>CLASS</SHLPFIELD>
     <FLPOSITION>0004</FLPOSITION>
     <SHTYPE>G</SHTYPE>
     <SHLPINPUT>X</SHLPINPUT>
     <ROLLNAME>XUCLASS</ROLLNAME>
     <DOMNAME>XUCLASS</DOMNAME>
     <DATATYPE>CHAR</DATATYPE>
     <LENG>000012</LENG>
    </DD36M>
    <DD36M>
     <FIELDNAME>USNAM</FIELDNAME>
     <SHLPNAME>USER_COMP</SHLPNAME>
     <SHLPFIELD>FLGDEFAULT</SHLPFIELD>
     <FLPOSITION>0016</FLPOSITION>
     <SHTYPE>G</SHTYPE>
     <SHLPINPUT>X</SHLPINPUT>
     <ROLLNAME>XUEMAILDEFAULT</ROLLNAME>
     <DOMNAME>XFELD</DOMNAME>
     <DATATYPE>CHAR</DATATYPE>
     <LENG>000001</LENG>
    </DD36M>
    <DD36M>
     <FIELDNAME>USNAM</FIELDNAME>
     <SHLPNAME>USER_COMP</SHLPNAME>
     <SHLPFIELD>FROM_DAT</SHLPFIELD>
     <FLPOSITION>0008</FLPOSITION>
     <SHTYPE>G</SHTYPE>
     <SHLPINPUT>X</SHLPINPUT>
     <ROLLNAME>AGR_FDATE</ROLLNAME>
     <DOMNAME>DATS</DOMNAME>
     <DATATYPE>DATS</DATATYPE>
     <LENG>000008</LENG>
    </DD36M>
    <DD36M>
     <FIELDNAME>USNAM</FIELDNAME>
     <SHLPNAME>USER_COMP</SHLPNAME>
     <SHLPFIELD>GLTGB</SHLPFIELD>
     <FLPOSITION>0002</FLPOSITION>
     <SHTYPE>G</SHTYPE>
     <SHLPINPUT>X</SHLPINPUT>
     <ROLLNAME>XUGLTGB</ROLLNAME>
     <DOMNAME>DATUM</DOMNAME>
     <DATATYPE>DATS</DATATYPE>
     <LENG>000008</LENG>
    </DD36M>
    <DD36M>
     <FIELDNAME>USNAM</FIELDNAME>
     <SHLPNAME>USER_COMP</SHLPNAME>
     <SHLPFIELD>GLTGV</SHLPFIELD>
     <FLPOSITION>0001</FLPOSITION>
     <SHTYPE>G</SHTYPE>
     <SHLPINPUT>X</SHLPINPUT>
     <ROLLNAME>XUGLTGV</ROLLNAME>
     <DOMNAME>DATUM</DOMNAME>
     <DATATYPE>DATS</DATATYPE>
     <LENG>000008</LENG>
    </DD36M>
    <DD36M>
     <FIELDNAME>USNAM</FIELDNAME>
     <SHLPNAME>USER_COMP</SHLPNAME>
     <SHLPFIELD>PROFILE</SHLPFIELD>
     <FLPOSITION>0006</FLPOSITION>
     <SHTYPE>G</SHTYPE>
     <SHLPINPUT>X</SHLPINPUT>
     <ROLLNAME>XUPROFILE</ROLLNAME>
     <DOMNAME>XUPROFILE</DOMNAME>
     <DATATYPE>CHAR</DATATYPE>
     <LENG>000012</LENG>
    </DD36M>
    <DD36M>
     <FIELDNAME>USNAM</FIELDNAME>
     <SHLPNAME>USER_COMP</SHLPNAME>
     <SHLPFIELD>RESPONSIBLE</SHLPFIELD>
     <FLPOSITION>0013</FLPOSITION>
     <SHTYPE>G</SHTYPE>
     <SHLPINPUT>X</SHLPINPUT>
     <ROLLNAME>SUIDRESPONSIBLE</ROLLNAME>
     <DOMNAME>XUBNAME</DOMNAME>
     <DATATYPE>CHAR</DATATYPE>
     <LENG>000012</LENG>
    </DD36M>
    <DD36M>
     <FIELDNAME>USNAM</FIELDNAME>
     <SHLPNAME>USER_COMP</SHLPNAME>
     <SHLPFIELD>SMTP_ADDR</SHLPFIELD>
     <FLPOSITION>0015</FLPOSITION>
     <SHTYPE>G</SHTYPE>
     <SHLPINPUT>X</SHLPINPUT>
     <ROLLNAME>AD_SMTPADR</ROLLNAME>
     <DOMNAME>AD_SMTPADR</DOMNAME>
     <DATATYPE>CHAR</DATATYPE>
     <LENG>000241</LENG>
    </DD36M>
    <DD36M>
     <FIELDNAME>USNAM</FIELDNAME>
     <SHLPNAME>USER_COMP</SHLPNAME>
     <SHLPFIELD>SUBSYSTEM</SHLPFIELD>
     <FLPOSITION>0012</FLPOSITION>
     <SHTYPE>G</SHTYPE>
     <SHLPINPUT>X</SHLPINPUT>
     <ROLLNAME>RFCRCVSYS</ROLLNAME>
     <DOMNAME>LOGSYS</DOMNAME>
     <DATATYPE>CHAR</DATATYPE>
     <LENG>000010</LENG>
    </DD36M>
    <DD36M>
     <FIELDNAME>USNAM</FIELDNAME>
     <SHLPNAME>USER_COMP</SHLPNAME>
     <SHLPFIELD>TECHDESC</SHLPFIELD>
     <FLPOSITION>0014</FLPOSITION>
     <SHTYPE>G</SHTYPE>
     <SHLPINPUT>X</SHLPINPUT>
     <ROLLNAME>SUIDTECHDESC</ROLLNAME>
     <DOMNAME>SUIDTECHDESC</DOMNAME>
     <DATATYPE>CHAR</DATATYPE>
     <LENG>000080</LENG>
    </DD36M>
    <DD36M>
     <FIELDNAME>USNAM</FIELDNAME>
     <SHLPNAME>USER_COMP</SHLPNAME>
     <SHLPFIELD>TO_DAT</SHLPFIELD>
     <FLPOSITION>0009</FLPOSITION>
     <SHTYPE>G</SHTYPE>
     <SHLPINPUT>X</SHLPINPUT>
     <ROLLNAME>AGR_TDATE</ROLLNAME>
     <DOMNAME>DATS</DOMNAME>
     <DATATYPE>DATS</DATATYPE>
     <LENG>000008</LENG>
    </DD36M>
    <DD36M>
     <FIELDNAME>USNAM</FIELDNAME>
     <SHLPNAME>USER_COMP</SHLPNAME>
     <SHLPFIELD>USERGROUP</SHLPFIELD>
     <FLPOSITION>0010</FLPOSITION>
     <SHTYPE>G</SHTYPE>
     <SHLPINPUT>X</SHLPINPUT>
     <ROLLNAME>XUCLASS</ROLLNAME>
     <DOMNAME>XUCLASS</DOMNAME>
     <DATATYPE>CHAR</DATATYPE>
     <LENG>000012</LENG>
    </DD36M>
    <DD36M>
     <FIELDNAME>USNAM</FIELDNAME>
     <SHLPNAME>USER_COMP</SHLPNAME>
     <SHLPFIELD>USTYP</SHLPFIELD>
     <FLPOSITION>0003</FLPOSITION>
     <SHTYPE>G</SHTYPE>
     <SHLPINPUT>X</SHLPINPUT>
     <ROLLNAME>XUUSTYP</ROLLNAME>
     <DOMNAME>XUUSTYP</DOMNAME>
     <DATATYPE>CHAR</DATATYPE>
     <LENG>000001</LENG>
    </DD36M>
   </DD36M>
  </asx:values>
 </asx:abap>
</abapGit>
