﻿<?xml version="1.0" encoding="utf-8"?>
<abapGit version="v1.0.0" serializer="LCL_OBJECT_TABL" serializer_version="v1.0.0">
 <asx:abap xmlns:asx="http://www.sap.com/abapxml" version="1.0">
  <asx:values>
   <DD02V>
    <TABNAME>ZSDSCAC005</TABNAME>
    <DDLANGUAGE>E</DDLANGUAGE>
    <TABCLASS>TRANSP</TABCLASS>
    <CLIDEP>X</CLIDEP>
    <LANGDEP>X</LANGDEP>
    <DDTEXT>SDS: REST Interface Configuration</DDTEXT>
    <MAINFLAG>X</MAINFLAG>
    <CONTFLAG>C</CONTFLAG>
    <EXCLASS>1</EXCLASS>
   </DD02V>
   <DD09L>
    <TABNAME>ZSDSCAC005</TABNAME>
    <AS4LOCAL>A</AS4LOCAL>
    <TABKAT>0</TABKAT>
    <TABART>APPL0</TABART>
    <BUFALLOW>N</BUFALLOW>
   </DD09L>
   <DD03P_TABLE>
    <DD03P>
     <FIELDNAME>MANDT</FIELDNAME>
     <KEYFLAG>X</KEYFLAG>
     <ROLLNAME>MANDT</ROLLNAME>
     <ADMINFIELD>0</ADMINFIELD>
     <NOTNULL>X</NOTNULL>
     <COMPTYPE>E</COMPTYPE>
    </DD03P>
    <DD03P>
     <FIELDNAME>INTFNO</FIELDNAME>
     <KEYFLAG>X</KEYFLAG>
     <ROLLNAME>ZSDSDE_INTFNO</ROLLNAME>
     <ADMINFIELD>0</ADMINFIELD>
     <NOTNULL>X</NOTNULL>
     <SHLPORIGIN>D</SHLPORIGIN>
     <COMPTYPE>E</COMPTYPE>
    </DD03P>
    <DD03P>
     <FIELDNAME>DESCP</FIELDNAME>
     <ROLLNAME>ZSDSDE_INTF_DESCP</ROLLNAME>
     <ADMINFIELD>0</ADMINFIELD>
     <COMPTYPE>E</COMPTYPE>
    </DD03P>
    <DD03P>
     <FIELDNAME>INTTY</FIELDNAME>
     <ROLLNAME>ZSDSDE_INTTY</ROLLNAME>
     <ADMINFIELD>0</ADMINFIELD>
     <VALEXI>X</VALEXI>
     <SHLPORIGIN>F</SHLPORIGIN>
     <COMPTYPE>E</COMPTYPE>
    </DD03P>
    <DD03P>
     <FIELDNAME>NRNR</FIELDNAME>
     <ROLLNAME>NRNR</ROLLNAME>
     <ADMINFIELD>0</ADMINFIELD>
     <COMPTYPE>E</COMPTYPE>
    </DD03P>
    <DD03P>
     <FIELDNAME>REQUEST_STRUC</FIELDNAME>
     <ROLLNAME>ZSDSDE_DATA_STRUC</ROLLNAME>
     <CHECKTABLE>DD02L</CHECKTABLE>
     <ADMINFIELD>0</ADMINFIELD>
     <SHLPORIGIN>X</SHLPORIGIN>
     <COMPTYPE>E</COMPTYPE>
    </DD03P>
    <DD03P>
     <FIELDNAME>KEYDATA</FIELDNAME>
     <ROLLNAME>ZSDSDE_KEYDATA</ROLLNAME>
     <ADMINFIELD>0</ADMINFIELD>
     <COMPTYPE>E</COMPTYPE>
    </DD03P>
    <DD03P>
     <FIELDNAME>RESPONSE_STRUC</FIELDNAME>
     <ROLLNAME>ZSDSDE_DATA_STRUC</ROLLNAME>
     <CHECKTABLE>DD02L</CHECKTABLE>
     <ADMINFIELD>0</ADMINFIELD>
     <SHLPORIGIN>X</SHLPORIGIN>
     <COMPTYPE>E</COMPTYPE>
    </DD03P>
    <DD03P>
     <FIELDNAME>ENDPOINT</FIELDNAME>
     <ROLLNAME>ZSDSDE_ENDPOINT</ROLLNAME>
     <ADMINFIELD>0</ADMINFIELD>
     <COMPTYPE>E</COMPTYPE>
    </DD03P>
    <DD03P>
     <FIELDNAME>PROCESS_CLASS</FIELDNAME>
     <ROLLNAME>ZSDSDE_PROCESS_CLASS</ROLLNAME>
     <CHECKTABLE>SEOCLASS</CHECKTABLE>
     <ADMINFIELD>0</ADMINFIELD>
     <SHLPORIGIN>X</SHLPORIGIN>
     <COMPTYPE>E</COMPTYPE>
    </DD03P>
    <DD03P>
     <FIELDNAME>TRANSFORM_REQ</FIELDNAME>
     <ROLLNAME>ZSDSDE_TRANSFORM</ROLLNAME>
     <ADMINFIELD>0</ADMINFIELD>
     <SHLPORIGIN>D</SHLPORIGIN>
     <COMPTYPE>E</COMPTYPE>
    </DD03P>
    <DD03P>
     <FIELDNAME>TRANSFORM_RES</FIELDNAME>
     <ROLLNAME>ZSDSDE_TRANSFORM</ROLLNAME>
     <ADMINFIELD>0</ADMINFIELD>
     <SHLPORIGIN>D</SHLPORIGIN>
     <COMPTYPE>E</COMPTYPE>
    </DD03P>
    <DD03P>
     <FIELDNAME>URL</FIELDNAME>
     <ROLLNAME>ZSDSDE_URL</ROLLNAME>
     <ADMINFIELD>0</ADMINFIELD>
     <COMPTYPE>E</COMPTYPE>
    </DD03P>
    <DD03P>
     <FIELDNAME>USERID</FIELDNAME>
     <ROLLNAME>ZSDSDE_USERID</ROLLNAME>
     <ADMINFIELD>0</ADMINFIELD>
     <COMPTYPE>E</COMPTYPE>
    </DD03P>
    <DD03P>
     <FIELDNAME>PASSWD</FIELDNAME>
     <ROLLNAME>ZSDSDE_PASSWD</ROLLNAME>
     <ADMINFIELD>0</ADMINFIELD>
     <COMPTYPE>E</COMPTYPE>
    </DD03P>
    <DD03P>
     <FIELDNAME>METHOD</FIELDNAME>
     <ROLLNAME>ZSDSDE_REST_METHOD</ROLLNAME>
     <ADMINFIELD>0</ADMINFIELD>
     <VALEXI>X</VALEXI>
     <SHLPORIGIN>F</SHLPORIGIN>
     <COMPTYPE>E</COMPTYPE>
    </DD03P>
    <DD03P>
     <FIELDNAME>.INCLUDE</FIELDNAME>
     <ADMINFIELD>0</ADMINFIELD>
     <PRECFIELD>ZDSCAS001</PRECFIELD>
     <MASK>      S</MASK>
     <DDTEXT>Add-on Table Time Stamp</DDTEXT>
     <COMPTYPE>S</COMPTYPE>
    </DD03P>
   </DD03P_TABLE>
   <DD05M_TABLE>
    <DD05M>
     <FIELDNAME>PROCESS_CLASS</FIELDNAME>
     <FORTABLE>ZSDSCAC005</FORTABLE>
     <FORKEY>PROCESS_CLASS</FORKEY>
     <CHECKTABLE>SEOCLASS</CHECKTABLE>
     <CHECKFIELD>CLSNAME</CHECKFIELD>
     <PRIMPOS>0001</PRIMPOS>
     <DOMNAME>SEOCLSNAME</DOMNAME>
     <DATATYPE>CHAR</DATATYPE>
    </DD05M>
    <DD05M>
     <FIELDNAME>REQUEST_STRUC</FIELDNAME>
     <FORTABLE>ZSDSCAC005</FORTABLE>
     <FORKEY>REQUEST_STRUC</FORKEY>
     <CHECKTABLE>DD02L</CHECKTABLE>
     <CHECKFIELD>TABNAME</CHECKFIELD>
     <PRIMPOS>0001</PRIMPOS>
     <DOMNAME>AS4TAB</DOMNAME>
     <DATATYPE>CHAR</DATATYPE>
    </DD05M>
    <DD05M>
     <FIELDNAME>REQUEST_STRUC</FIELDNAME>
     <FORTABLE>&apos;A&apos;</FORTABLE>
     <CHECKTABLE>DD02L</CHECKTABLE>
     <CHECKFIELD>AS4LOCAL</CHECKFIELD>
     <PRIMPOS>0002</PRIMPOS>
     <DOMNAME>AS4LOCAL</DOMNAME>
     <DATATYPE>CHAR</DATATYPE>
    </DD05M>
    <DD05M>
     <FIELDNAME>REQUEST_STRUC</FIELDNAME>
     <FORTABLE>&apos;0000&apos;</FORTABLE>
     <CHECKTABLE>DD02L</CHECKTABLE>
     <CHECKFIELD>AS4VERS</CHECKFIELD>
     <PRIMPOS>0003</PRIMPOS>
     <DOMNAME>AS4VERS</DOMNAME>
     <DATATYPE>NUMC</DATATYPE>
    </DD05M>
    <DD05M>
     <FIELDNAME>RESPONSE_STRUC</FIELDNAME>
     <FORTABLE>ZSDSCAC005</FORTABLE>
     <FORKEY>RESPONSE_STRUC</FORKEY>
     <CHECKTABLE>DD02L</CHECKTABLE>
     <CHECKFIELD>TABNAME</CHECKFIELD>
     <PRIMPOS>0001</PRIMPOS>
     <DOMNAME>AS4TAB</DOMNAME>
     <DATATYPE>CHAR</DATATYPE>
    </DD05M>
    <DD05M>
     <FIELDNAME>RESPONSE_STRUC</FIELDNAME>
     <FORTABLE>&apos;A&apos;</FORTABLE>
     <CHECKTABLE>DD02L</CHECKTABLE>
     <CHECKFIELD>AS4LOCAL</CHECKFIELD>
     <PRIMPOS>0002</PRIMPOS>
     <DOMNAME>AS4LOCAL</DOMNAME>
     <DATATYPE>CHAR</DATATYPE>
    </DD05M>
    <DD05M>
     <FIELDNAME>RESPONSE_STRUC</FIELDNAME>
     <FORTABLE>&apos;0000&apos;</FORTABLE>
     <CHECKTABLE>DD02L</CHECKTABLE>
     <CHECKFIELD>AS4VERS</CHECKFIELD>
     <PRIMPOS>0003</PRIMPOS>
     <DOMNAME>AS4VERS</DOMNAME>
     <DATATYPE>NUMC</DATATYPE>
    </DD05M>
   </DD05M_TABLE>
   <DD08V_TABLE>
    <DD08V>
     <FIELDNAME>PROCESS_CLASS</FIELDNAME>
     <CHECKTABLE>SEOCLASS</CHECKTABLE>
    </DD08V>
    <DD08V>
     <FIELDNAME>REQUEST_STRUC</FIELDNAME>
     <CHECKTABLE>DD02L</CHECKTABLE>
    </DD08V>
    <DD08V>
     <FIELDNAME>RESPONSE_STRUC</FIELDNAME>
     <CHECKTABLE>DD02L</CHECKTABLE>
    </DD08V>
   </DD08V_TABLE>
   <DD35V_TALE>
    <DD35V>
     <FIELDNAME>PROCESS_CLASS</FIELDNAME>
     <SHLPNAME>SEO_CLASSES_INTERFACES</SHLPNAME>
    </DD35V>
    <DD35V>
     <FIELDNAME>REQUEST_STRUC</FIELDNAME>
     <SHLPNAME>DD_STRUC</SHLPNAME>
    </DD35V>
    <DD35V>
     <FIELDNAME>RESPONSE_STRUC</FIELDNAME>
     <SHLPNAME>DD_STRUC</SHLPNAME>
    </DD35V>
   </DD35V_TALE>
   <DD36M>
    <DD36M>
     <FIELDNAME>PROCESS_CLASS</FIELDNAME>
     <SHLPNAME>SEO_CLASSES_INTERFACES</SHLPNAME>
     <SHLPFIELD>LANGUAGE</SHLPFIELD>
     <FLPOSITION>0002</FLPOSITION>
     <SHTYPE>C</SHTYPE>
     <SHTABLE>&apos;E&apos;</SHTABLE>
     <SHLPINPUT>X</SHLPINPUT>
     <ROLLNAME>SPRAS</ROLLNAME>
     <DOMNAME>SPRAS</DOMNAME>
     <DATATYPE>LANG</DATATYPE>
     <LENG>000001</LENG>
     <DEFAULTVAL>SY-LANGU</DEFAULTVAL>
     <DEFAULTTYP>S</DEFAULTTYP>
    </DD36M>
    <DD36M>
     <FIELDNAME>PROCESS_CLASS</FIELDNAME>
     <SHLPNAME>SEO_CLASSES_INTERFACES</SHLPNAME>
     <SHLPFIELD>NAME</SHLPFIELD>
     <FLPOSITION>0001</FLPOSITION>
     <SHTABLE>ZSDSCAC005</SHTABLE>
     <SHFIELD>PROCESS_CLASS</SHFIELD>
     <SHLPINPUT>X</SHLPINPUT>
     <SHLPOUTPUT>X</SHLPOUTPUT>
     <ROLLNAME>SEOCLSNAME</ROLLNAME>
     <DOMNAME>SEOCLSNAME</DOMNAME>
     <DATATYPE>CHAR</DATATYPE>
     <LENG>000030</LENG>
    </DD36M>
    <DD36M>
     <FIELDNAME>REQUEST_STRUC</FIELDNAME>
     <SHLPNAME>DD_STRUC</SHLPNAME>
     <SHLPFIELD>DDTEXT</SHLPFIELD>
     <FLPOSITION>0004</FLPOSITION>
     <SHTYPE>G</SHTYPE>
     <SHLPOUTPUT>X</SHLPOUTPUT>
     <ROLLNAME>DDTEXT</ROLLNAME>
     <DOMNAME>DDTEXT</DOMNAME>
     <DATATYPE>CHAR</DATATYPE>
     <LENG>000060</LENG>
    </DD36M>
    <DD36M>
     <FIELDNAME>REQUEST_STRUC</FIELDNAME>
     <SHLPNAME>DD_STRUC</SHLPNAME>
     <SHLPFIELD>TABCLASS</SHLPFIELD>
     <FLPOSITION>0005</FLPOSITION>
     <SHTYPE>G</SHTYPE>
     <SHLPOUTPUT>X</SHLPOUTPUT>
     <ROLLNAME>TABCLASS_STRUC</ROLLNAME>
     <DOMNAME>TABCLASS_STRUC</DOMNAME>
     <DATATYPE>CHAR</DATATYPE>
     <LENG>000008</LENG>
    </DD36M>
    <DD36M>
     <FIELDNAME>REQUEST_STRUC</FIELDNAME>
     <SHLPNAME>DD_STRUC</SHLPNAME>
     <SHLPFIELD>TABNAME</SHLPFIELD>
     <FLPOSITION>0001</FLPOSITION>
     <SHTABLE>ZSDSCAC005</SHTABLE>
     <SHFIELD>REQUEST_STRUC</SHFIELD>
     <SHLPINPUT>X</SHLPINPUT>
     <SHLPOUTPUT>X</SHLPOUTPUT>
     <ROLLNAME>STRUKNAME</ROLLNAME>
     <DOMNAME>AS4TAB</DOMNAME>
     <DATATYPE>CHAR</DATATYPE>
     <LENG>000030</LENG>
    </DD36M>
    <DD36M>
     <FIELDNAME>REQUEST_STRUC</FIELDNAME>
     <SHLPNAME>DD_STRUC</SHLPNAME>
     <SHLPFIELD>TEXT</SHLPFIELD>
     <FLPOSITION>0002</FLPOSITION>
     <SHTYPE>G</SHTYPE>
     <SHLPOUTPUT>X</SHLPOUTPUT>
     <ROLLNAME>DDTEXT</ROLLNAME>
     <DOMNAME>DDTEXT</DOMNAME>
     <DATATYPE>CHAR</DATATYPE>
     <LENG>000060</LENG>
    </DD36M>
    <DD36M>
     <FIELDNAME>REQUEST_STRUC</FIELDNAME>
     <SHLPNAME>DD_STRUC</SHLPNAME>
     <SHLPFIELD>VARIANT</SHLPFIELD>
     <FLPOSITION>0003</FLPOSITION>
     <SHTYPE>G</SHTYPE>
     <SHLPINPUT>X</SHLPINPUT>
     <ROLLNAME>RALDB_VARI</ROLLNAME>
     <DOMNAME>RALDB_VARI</DOMNAME>
     <DATATYPE>CHAR</DATATYPE>
     <LENG>000014</LENG>
    </DD36M>
    <DD36M>
     <FIELDNAME>RESPONSE_STRUC</FIELDNAME>
     <SHLPNAME>DD_STRUC</SHLPNAME>
     <SHLPFIELD>DDTEXT</SHLPFIELD>
     <FLPOSITION>0004</FLPOSITION>
     <SHTYPE>G</SHTYPE>
     <SHLPOUTPUT>X</SHLPOUTPUT>
     <ROLLNAME>DDTEXT</ROLLNAME>
     <DOMNAME>DDTEXT</DOMNAME>
     <DATATYPE>CHAR</DATATYPE>
     <LENG>000060</LENG>
    </DD36M>
    <DD36M>
     <FIELDNAME>RESPONSE_STRUC</FIELDNAME>
     <SHLPNAME>DD_STRUC</SHLPNAME>
     <SHLPFIELD>TABCLASS</SHLPFIELD>
     <FLPOSITION>0005</FLPOSITION>
     <SHTYPE>G</SHTYPE>
     <SHLPOUTPUT>X</SHLPOUTPUT>
     <ROLLNAME>TABCLASS_STRUC</ROLLNAME>
     <DOMNAME>TABCLASS_STRUC</DOMNAME>
     <DATATYPE>CHAR</DATATYPE>
     <LENG>000008</LENG>
    </DD36M>
    <DD36M>
     <FIELDNAME>RESPONSE_STRUC</FIELDNAME>
     <SHLPNAME>DD_STRUC</SHLPNAME>
     <SHLPFIELD>TABNAME</SHLPFIELD>
     <FLPOSITION>0001</FLPOSITION>
     <SHTABLE>ZSDSCAC005</SHTABLE>
     <SHFIELD>RESPONSE_STRUC</SHFIELD>
     <SHLPINPUT>X</SHLPINPUT>
     <SHLPOUTPUT>X</SHLPOUTPUT>
     <ROLLNAME>STRUKNAME</ROLLNAME>
     <DOMNAME>AS4TAB</DOMNAME>
     <DATATYPE>CHAR</DATATYPE>
     <LENG>000030</LENG>
    </DD36M>
    <DD36M>
     <FIELDNAME>RESPONSE_STRUC</FIELDNAME>
     <SHLPNAME>DD_STRUC</SHLPNAME>
     <SHLPFIELD>TEXT</SHLPFIELD>
     <FLPOSITION>0002</FLPOSITION>
     <SHTYPE>G</SHTYPE>
     <SHLPOUTPUT>X</SHLPOUTPUT>
     <ROLLNAME>DDTEXT</ROLLNAME>
     <DOMNAME>DDTEXT</DOMNAME>
     <DATATYPE>CHAR</DATATYPE>
     <LENG>000060</LENG>
    </DD36M>
    <DD36M>
     <FIELDNAME>RESPONSE_STRUC</FIELDNAME>
     <SHLPNAME>DD_STRUC</SHLPNAME>
     <SHLPFIELD>VARIANT</SHLPFIELD>
     <FLPOSITION>0003</FLPOSITION>
     <SHTYPE>G</SHTYPE>
     <SHLPINPUT>X</SHLPINPUT>
     <ROLLNAME>RALDB_VARI</ROLLNAME>
     <DOMNAME>RALDB_VARI</DOMNAME>
     <DATATYPE>CHAR</DATATYPE>
     <LENG>000014</LENG>
    </DD36M>
   </DD36M>
  </asx:values>
 </asx:abap>
</abapGit>
