﻿<?xml version="1.0" encoding="utf-8"?>
<abapGit version="v1.0.0" serializer="LCL_OBJECT_SSST" serializer_version="v1.0.0">
 <asx:abap xmlns:asx="http://www.sap.com/abapxml" version="1.0">
  <asx:values>
   <HEADER>
    <STYLENAME>ZSDSCA001</STYLENAME>
    <MASTERLANG>E</MASTERLANG>
    <LANGU>E</LANGU>
    <CAPTION>Style ZSDSCA001</CAPTION>
    <V_CAPTION>Style ZSDSCA001</V_CAPTION>
    <TDFIRSTPAR>A</TDFIRSTPAR>
    <CPI>10.0</CPI>
    <LPI>6.0</LPI>
    <TDTABDIST>1.0</TDTABDIST>
    <TDTABDISTU>CM</TDTABDISTU>
    <ACTIVE>A</ACTIVE>
    <TDFAMILY>COURIER</TDFAMILY>
    <TDHEIGHT>120</TDHEIGHT>
   </HEADER>
   <SSFPARAS>
    <SSFPARAS>
     <ACTIVE>A</ACTIVE>
     <STYLENAME>ZSDSCA001</STYLENAME>
     <TDPARGRAPH>A</TDPARGRAPH>
     <TDPJUSTIFY>CENTER</TDPJUSTIFY>
     <TDPLDIST>0.8</TDPLDIST>
     <TDPLDISTU>LN</TDPLDISTU>
     <TDPTOPU>CM</TDPTOPU>
     <TDPBOTU>CM</TDPBOTU>
     <TDPLEFTU>CM</TDPLEFTU>
     <TDPRIGHTU>CM</TDPRIGHTU>
     <TDPENTRYU>CM</TDPENTRYU>
     <TDFAMILY>ZSARABUN</TDFAMILY>
     <TDHEIGHT>180</TDHEIGHT>
     <TDBOLD>X</TDBOLD>
     <TDITALIC>*</TDITALIC>
     <TDUNDERLIN>*</TDUNDERLIN>
     <LANGU>E</LANGU>
     <CAPTION>a</CAPTION>
    </SSFPARAS>
    <SSFPARAS>
     <ACTIVE>A</ACTIVE>
     <STYLENAME>ZSDSCA001</STYLENAME>
     <TDPARGRAPH>B</TDPARGRAPH>
     <TDPJUSTIFY>LEFT</TDPJUSTIFY>
     <TDPLDIST>0.8</TDPLDIST>
     <TDPLDISTU>CM</TDPLDISTU>
     <TDPTOP>0.5</TDPTOP>
     <TDPTOPU>CM</TDPTOPU>
     <TDPBOTU>CM</TDPBOTU>
     <TDPLEFT>1.02</TDPLEFT>
     <TDPLEFTU>CM</TDPLEFTU>
     <TDPRIGHTU>CM</TDPRIGHTU>
     <TDPENTRYU>CM</TDPENTRYU>
     <TDFAMILY>ZSARABUN</TDFAMILY>
     <TDHEIGHT>160</TDHEIGHT>
     <TDBOLD>X</TDBOLD>
     <TDITALIC>*</TDITALIC>
     <TDUNDERLIN>*</TDUNDERLIN>
     <LANGU>E</LANGU>
     <CAPTION>b</CAPTION>
    </SSFPARAS>
   </SSFPARAS>
  </asx:values>
 </asx:abap>
</abapGit>
