﻿<?xml version="1.0" encoding="utf-8"?>
<abapGit version="v1.0.0" serializer="LCL_OBJECT_VIEW" serializer_version="v1.0.0">
 <asx:abap xmlns:asx="http://www.sap.com/abapxml" version="1.0">
  <asx:values>
   <DD25V>
    <VIEWNAME>ZSDSV_REST_INTF</VIEWNAME>
    <AS4LOCAL>A</AS4LOCAL>
    <DDLANGUAGE>E</DDLANGUAGE>
    <AGGTYPE>V</AGGTYPE>
    <ROOTTAB>ZSDSCAC005</ROOTTAB>
    <DDTEXT>SDS: REST Interface Configuration</DDTEXT>
    <VIEWCLASS>C</VIEWCLASS>
    <CUSTOMAUTH>C</CUSTOMAUTH>
    <GLOBALFLAG>X</GLOBALFLAG>
   </DD25V>
   <DD26V_TABLE>
    <DD26V>
     <VIEWNAME>ZSDSV_REST_INTF</VIEWNAME>
     <TABNAME>ZSDSCAC005</TABNAME>
     <TABPOS>0001</TABPOS>
     <FORTABNAME>ZSDSCAC005</FORTABNAME>
    </DD26V>
   </DD26V_TABLE>
   <DD27P_TABLE>
    <DD27P>
     <VIEWFIELD>MANDT</VIEWFIELD>
     <TABNAME>ZSDSCAC005</TABNAME>
     <FIELDNAME>MANDT</FIELDNAME>
     <KEYFLAG>X</KEYFLAG>
    </DD27P>
    <DD27P>
     <VIEWFIELD>INTFNO</VIEWFIELD>
     <TABNAME>ZSDSCAC005</TABNAME>
     <FIELDNAME>INTFNO</FIELDNAME>
     <KEYFLAG>X</KEYFLAG>
     <SHLPORIGIN>D</SHLPORIGIN>
     <SHLPNAME>ZSDSH_INTFNO</SHLPNAME>
     <SHLPFIELD>INTFNO</SHLPFIELD>
    </DD27P>
    <DD27P>
     <VIEWFIELD>DESCP</VIEWFIELD>
     <TABNAME>ZSDSCAC005</TABNAME>
     <FIELDNAME>DESCP</FIELDNAME>
    </DD27P>
    <DD27P>
     <VIEWFIELD>INTTY</VIEWFIELD>
     <TABNAME>ZSDSCAC005</TABNAME>
     <FIELDNAME>INTTY</FIELDNAME>
     <SHLPORIGIN>F</SHLPORIGIN>
     <VALEXI>X</VALEXI>
    </DD27P>
    <DD27P>
     <VIEWFIELD>NRNR</VIEWFIELD>
     <TABNAME>ZSDSCAC005</TABNAME>
     <FIELDNAME>NRNR</FIELDNAME>
     <LOGFLAG>X</LOGFLAG>
    </DD27P>
    <DD27P>
     <VIEWFIELD>REQUEST_STRUC</VIEWFIELD>
     <TABNAME>ZSDSCAC005</TABNAME>
     <FIELDNAME>REQUEST_STRUC</FIELDNAME>
     <CHECKTABLE>DD02L</CHECKTABLE>
     <SHLPORIGIN>X</SHLPORIGIN>
    </DD27P>
    <DD27P>
     <VIEWFIELD>KEYDATA</VIEWFIELD>
     <TABNAME>ZSDSCAC005</TABNAME>
     <FIELDNAME>KEYDATA</FIELDNAME>
    </DD27P>
    <DD27P>
     <VIEWFIELD>RESPONSE_STRUC</VIEWFIELD>
     <TABNAME>ZSDSCAC005</TABNAME>
     <FIELDNAME>RESPONSE_STRUC</FIELDNAME>
     <CHECKTABLE>DD02L</CHECKTABLE>
     <SHLPORIGIN>X</SHLPORIGIN>
    </DD27P>
    <DD27P>
     <VIEWFIELD>ENDPOINT</VIEWFIELD>
     <TABNAME>ZSDSCAC005</TABNAME>
     <FIELDNAME>ENDPOINT</FIELDNAME>
    </DD27P>
    <DD27P>
     <VIEWFIELD>PROCESS_CLASS</VIEWFIELD>
     <TABNAME>ZSDSCAC005</TABNAME>
     <FIELDNAME>PROCESS_CLASS</FIELDNAME>
     <CHECKTABLE>SEOCLASS</CHECKTABLE>
     <SHLPORIGIN>X</SHLPORIGIN>
    </DD27P>
    <DD27P>
     <VIEWFIELD>TRANSFORM_REQ</VIEWFIELD>
     <TABNAME>ZSDSCAC005</TABNAME>
     <FIELDNAME>TRANSFORM_REQ</FIELDNAME>
     <SHLPORIGIN>D</SHLPORIGIN>
     <SHLPNAME>O2XSLTNAME</SHLPNAME>
     <SHLPFIELD>XSLTDESC</SHLPFIELD>
    </DD27P>
    <DD27P>
     <VIEWFIELD>TRANSFORM_RES</VIEWFIELD>
     <TABNAME>ZSDSCAC005</TABNAME>
     <FIELDNAME>TRANSFORM_RES</FIELDNAME>
     <SHLPORIGIN>D</SHLPORIGIN>
     <SHLPNAME>O2XSLTNAME</SHLPNAME>
     <SHLPFIELD>XSLTDESC</SHLPFIELD>
    </DD27P>
    <DD27P>
     <VIEWFIELD>URL</VIEWFIELD>
     <TABNAME>ZSDSCAC005</TABNAME>
     <FIELDNAME>URL</FIELDNAME>
    </DD27P>
    <DD27P>
     <VIEWFIELD>USERID</VIEWFIELD>
     <TABNAME>ZSDSCAC005</TABNAME>
     <FIELDNAME>USERID</FIELDNAME>
    </DD27P>
    <DD27P>
     <VIEWFIELD>PASSWD</VIEWFIELD>
     <TABNAME>ZSDSCAC005</TABNAME>
     <FIELDNAME>PASSWD</FIELDNAME>
    </DD27P>
    <DD27P>
     <VIEWFIELD>METHOD</VIEWFIELD>
     <TABNAME>ZSDSCAC005</TABNAME>
     <FIELDNAME>METHOD</FIELDNAME>
     <SHLPORIGIN>F</SHLPORIGIN>
     <VALEXI>X</VALEXI>
    </DD27P>
    <DD27P>
     <VIEWFIELD>ZDEL_FLG</VIEWFIELD>
     <TABNAME>ZSDSCAC005</TABNAME>
     <FIELDNAME>ZDEL_FLG</FIELDNAME>
     <SHLPORIGIN>F</SHLPORIGIN>
     <VALEXI>X</VALEXI>
    </DD27P>
    <DD27P>
     <VIEWFIELD>ZCRT_DATE</VIEWFIELD>
     <TABNAME>ZSDSCAC005</TABNAME>
     <FIELDNAME>ZCRT_DATE</FIELDNAME>
     <RDONLY>R</RDONLY>
     <SHLPORIGIN>T</SHLPORIGIN>
    </DD27P>
    <DD27P>
     <VIEWFIELD>ZCRT_TIME</VIEWFIELD>
     <TABNAME>ZSDSCAC005</TABNAME>
     <FIELDNAME>ZCRT_TIME</FIELDNAME>
     <RDONLY>R</RDONLY>
     <SHLPORIGIN>T</SHLPORIGIN>
    </DD27P>
    <DD27P>
     <VIEWFIELD>ZCRT_USER</VIEWFIELD>
     <TABNAME>ZSDSCAC005</TABNAME>
     <FIELDNAME>ZCRT_USER</FIELDNAME>
     <RDONLY>R</RDONLY>
    </DD27P>
    <DD27P>
     <VIEWFIELD>ZCRT_PGM</VIEWFIELD>
     <TABNAME>ZSDSCAC005</TABNAME>
     <FIELDNAME>ZCRT_PGM</FIELDNAME>
     <RDONLY>R</RDONLY>
    </DD27P>
    <DD27P>
     <VIEWFIELD>ZUPD_DATE</VIEWFIELD>
     <TABNAME>ZSDSCAC005</TABNAME>
     <FIELDNAME>ZUPD_DATE</FIELDNAME>
     <RDONLY>R</RDONLY>
     <SHLPORIGIN>T</SHLPORIGIN>
    </DD27P>
    <DD27P>
     <VIEWFIELD>ZUPD_TIME</VIEWFIELD>
     <TABNAME>ZSDSCAC005</TABNAME>
     <FIELDNAME>ZUPD_TIME</FIELDNAME>
     <RDONLY>R</RDONLY>
     <SHLPORIGIN>T</SHLPORIGIN>
    </DD27P>
    <DD27P>
     <VIEWFIELD>ZUPD_USER</VIEWFIELD>
     <TABNAME>ZSDSCAC005</TABNAME>
     <FIELDNAME>ZUPD_USER</FIELDNAME>
     <RDONLY>R</RDONLY>
    </DD27P>
    <DD27P>
     <VIEWFIELD>ZUPD_PGM</VIEWFIELD>
     <TABNAME>ZSDSCAC005</TABNAME>
     <FIELDNAME>ZUPD_PGM</FIELDNAME>
     <RDONLY>R</RDONLY>
    </DD27P>
   </DD27P_TABLE>
  </asx:values>
 </asx:abap>
</abapGit>
